nama_sekolah,alamat,kecamatan,kondisi_lingkungan
SD Khusus Al-Rahmah,Jl. Kampung Sawah Blok B,Cilincing,Padat/Kumuh
SD Khusus Darut Tauhid,Jl. Raya Cacing Kp. Bedeng Malaka II,Cilincing,Padat/Kumuh
SDI Al-Hikmah,Jl. Kemajuan No. 48-55,Pesanggrahan,Padat/Kumuh
SDI Robiatul Adawiyah,Jl. Sungai Tiram No. 39,Cilincing,Padat/Kumuh
SDI Sehati,"Jl. Kapuk Rawa Gabus RT009/RW011, Kapuk",Cengkareng,Padat/Kumuh
SDIT Darul Hikmah,Jl. Pancawarga II No. 38,Jatinegara,Padat/Kumuh
SDN Ancol 03 Pg.,Jl. Kampung Muka No. 419,Pademangan,Padat/Kumuh
SDN Ancol 04 Pt.,Jl. Kampung Muka No. 420,Pademangan,Padat/Kumuh
SDN Angke 01 Pg.,Jl. Angke Indah Gg. V,Tambora,Padat/Kumuh
SDN Angke 04 Pt.,Jl. Angke Indah Gg. V,Tambora,Padat/Kumuh
SDN Angke 06 Pg.,Jl. Angke Indah Gg. V,Tambora,Padat/Kumuh
SDN Balimester 06 Pg.,Jl. Jatinegara Barat IV No. 12,Jatinegara,Padat/Kumuh
SDN Bambu Apus 05 Pg.,Jl. Laksamana VIII PAD TMII,Cipayung,Padat/Kumuh
SDN Batu Ampar 07 Pg.,Jl. SMPN 126,Kramat Jati,Padat/Kumuh
SDN Bintaro 06 Pt.,Jl. Bintaro Permai III,Pesanggrahan,Padat/Kumuh
SDN Bintaro 10 Pt.,Jl. Bintaro Permai III,Pesanggrahan,Padat/Kumuh
SDN Bukit Duri 01 Pg.,Jl. Bukit Duri Tanjakan,T e b e t,Padat/Kumuh
SDN Bukit Duri 03 Pg.,Jl. Peruk No. 32,T e b e t,Padat/Kumuh
SDN Bukit Duri 09 Pg.,Jl. Bukit Duri Tanjakan,T e b e t,Padat/Kumuh
SDN Bukit Duri 10 Pt.,Jl. Bukit Duri Tanjakan,T e b e t,Padat/Kumuh
SDN Bukit Duri 11 Pg.,Jl. Bukit Duri Tanjakan,T e b e t,Padat/Kumuh
SDN Cakung Barat 01 Pg.,Jl. Raya Bekasi Km. 23,Cakung,Padat/Kumuh
SDN Cakung Barat 02 Pg.,Jl. Raya Bekasi Km. 23,Cakung,Padat/Kumuh
SDN Cakung Barat 05 Pg.,Jl. Raya Bekasi Km. 23,Cakung,Padat/Kumuh
SDN Cakung Barat 06 Pg.,Jl. P. Komarudin RT004/RW03,Cakung,Padat/Kumuh
SDN Cakung Barat 07 Pg.,Jl. P. Komarudin,Cakung,Padat/Kumuh
SDN Cakung Barat 08 Pg.,"Jl. Tipar No. 77, Cakung",Cakung,Padat/Kumuh
SDN Cakung Barat 10 Pt.,Jl. Raya Bekasi Km. 23,Cakung,Padat/Kumuh
SDN Cakung Barat 12 Pt.,Jl. Raya Bekasi Km. 23,Cakung,Padat/Kumuh
SDN Cakung Barat 13 Pg.,Jl. Raya Bekasi Km. 23,Cakung,Padat/Kumuh
SDN Cakung Barat 15 Pg.,"Jl. Tipar Kp. Baru, Cakung",Cakung,Padat/Kumuh
SDN Cakung Barat 18 Pt.,Jl. Raya Bks Km. 23,Cakung,Padat/Kumuh
SDN Cakung Timur 01 Pg.,Jl. Raya Bekasi Km. 25,Cakung,Padat/Kumuh
SDN Cakung Timur 07 Pt.,Jl. Raya Bekasi Km. 25,Cakung,Padat/Kumuh
SDN Cawang 11 Pg.,Jl. Cawang III,Kramat Jati,Padat/Kumuh
SDN Cawang 12 Pg.,Belakang RS. UKI,Kramat Jati,Padat/Kumuh
SDN Cawang 14 Pg.,Jl. Jaani Nasir,Kramat Jati,Padat/Kumuh
SDN Cempaka Baru 06 Pt.,Jl. Sumur Batu Raya No. 4,Kemayoran,Padat/Kumuh
SDN Cempaka Baru 12 Pg.,Jl. Remaja II No. 59,Kemayoran,Padat/Kumuh
SDN Cempaka Baru 13 Pg.,Jl. Remaja II No. 57,Kemayoran,Padat/Kumuh
SDN Cempaka Putih Barat 07 Pg.,Jl. Percetakan Negara Raya No. 16,Cempaka Putih,Padat/Kumuh
SDN Cempaka Putih Barat 11 Pg.,Jl. Cempaka Putih Barat II Blok G No. 07,Cempaka Putih,Padat/Kumuh
SDN Cempaka Putih Barat 13 Pg.,Jl. Cempaka Putih Barat II Blok G,Cempaka Putih,Padat/Kumuh
SDN Cempaka Putih Barat 20 Pg.,Jl. Pangkalan Asem Gg. II,Cempaka Putih,Padat/Kumuh
SDN Cempaka Putih Barat 26 Pt.,Jl. Pangkalan Asem,Cempaka Putih,Padat/Kumuh
SDN Cempaka Putih Timur 02 Pt.,Jl. Rawasari Tim. IV No. 2,Cempaka Putih,Padat/Kumuh
SDN Cengkareng Barat 09 Pg.,Jl. Bambu Larangan RT003/RW05,Cengkareng,Padat/Kumuh
SDN Cengkareng Barat 10 Pg.,Jl. Bambu Larangan No. 26,Cengkareng,Padat/Kumuh
SDN Cengkareng Barat 20 Pt.,Jl. Jaya VIII,Cengkareng,Padat/Kumuh
SDN Cengkareng Timur 04 Pt.,Jl. Bangun Nusa III RT006/RW02,Cengkareng,Padat/Kumuh
SDN Cengkareng Timur 10 Pg.,Jl. Fajar Baru Selatan,Cengkareng,Padat/Kumuh
SDN Cengkareng Timur 13 Pt.,Jl. Fajar Baru Selatan,Cengkareng,Padat/Kumuh
SDN Cengkareng Timur 17 Pg.,Jl. Angsana Raya No. 46 RT07/RW12,Cengkareng,Padat/Kumuh
SDN Cengkareng Timur 18 Pg.,Jl. Angsana Raya,Cengkareng,Padat/Kumuh
SDN Cengkareng Timur 19 Pt.,Jl. Angsana Raya,Cengkareng,Padat/Kumuh
SDN Cibubur 08 Pt.,Jl. Taruna Jaya,Ciracas,Padat/Kumuh
SDN Cideng 04 Pg.,Jl. Cimalaya No. 1,Gambir,Padat/Kumuh
SDN Cikoko 01 Pg.,Jl. Cikoko Barat IV No. 19,Pancoran,Padat/Kumuh
SDN Cikoko 04 Pg.,"Jl. B, Cikoko",Pancoran,Padat/Kumuh
SDN Cilandak Barat 07 Pg.,Jl. Caringin Timur No. 40,Cilandak,Padat/Kumuh
SDN Cilandak Barat 13 Pg.,Jl. Tmn Wijaya Kusuma III,Cilandak,Padat/Kumuh
SDN Cilincing 02 Pg.,Jl. Bhakti VI,Cilincing,Padat/Kumuh
SDN Cilincing 08 Pg.,Jl. Pedongkelan RT001/RW06,Cilincing,Padat/Kumuh
SDN Cipete Selatan 04 Pg.,"Komp. BRI, Jl. Anggur II",Cilandak,Padat/Kumuh
SDN Cipete Selatan 08 Pt.,"Komp. BRI, Jl. Anggur II",Cilandak,Padat/Kumuh
SDN Cipete Utara 05 Pg.,Jl. K. H. Naim III,Kebayoran Baru,Padat/Kumuh
SDN Cipete Utara 14 Pg.,Jl. K. H. Moch. Naim III No. 29,Kebayoran Baru,Padat/Kumuh
SDN Cipete Utara 15 Pg.,Jl. Sawo III No. 8,Kebayoran Baru,Padat/Kumuh
SDN Cipete Utara 16 Pg.,Jl. Sawo III No. 8,Kebayoran Baru,Padat/Kumuh
SDN Cipinang 03 Pg.,Jl. Cipinang Timur III No. 3,Pulo Gadung,Padat/Kumuh
SDN Cipinang 05 Pg.,Jl. Raya Bekasi Timur,Pulo Gadung,Padat/Kumuh
SDN Cipinang Besar Selatan 01 Pg.,"Jl. IPN, Cipinang Besar Selatan",Jatinegara,Padat/Kumuh
SDN Cipinang Besar Selatan 02 Pg.,Jl. IPN Kp. Jembatan,Jatinegara,Padat/Kumuh
SDN Cipinang Besar Selatan 04 Pg.,Jl. Cipinang Jaya II No. 1,Jatinegara,Padat/Kumuh
SDN Cipinang Besar Selatan 07 Pg.,Jl. Raya Jend. Basuki Rahmat No. 10,Jatinegara,Padat/Kumuh
SDN Cipinang Besar Selatan 12 Pg.,Jl. TPU Kb. Nanas RT01/RW05,Jatinegara,Padat/Kumuh
SDN Cipinang Besar Selatan 13 Pg.,Jl. Persatuan II,Jatinegara,Padat/Kumuh
SDN Cipinang Besar Selatan 15 Pg.,Jl. Cipinang Jaya Gg. Ujung No. 15,Jatinegara,Padat/Kumuh
SDN Cipinang Besar Selatan 16 Pg.,Jl. Pancawarga IV No. 8,Jatinegara,Padat/Kumuh
SDN Cipinang Besar Selatan 17 Pg.,Jl. Pancawarga IV No. Gg. VIII,Jatinegara,Padat/Kumuh
SDN Cipinang Besar Selatan 19 Pg.,Jl. Pancawarga I Gg. 16,Jatinegara,Padat/Kumuh
SDN Cipinang Besar Utara 01 Pg.,Jl. Bekasi Timur IV No. 1,Jatinegara,Padat/Kumuh
SDN Cipinang Besar Utara 02 Pt.,Jl. Bekasi Timur IV No. 1,Jatinegara,Padat/Kumuh
SDN Cipinang Besar Utara 07 Pt.,Jl. Cipinang Latihan RT03/RW10,Jatinegara,Padat/Kumuh
SDN Cipinang Cempedak 03 Pt.,Jl. Pedati Dalam RT14/RW07,Jatinegara,Padat/Kumuh
SDN Cipinang Cempedak 07 Pg.,Jl. Pedati Dalam,Jatinegara,Padat/Kumuh
SDN Cipinang Cempedak 08 Pt.,Jl. Pedati Dalam,Jatinegara,Padat/Kumuh
SDN Cipinang Muara 04 Pg.,Jl. BB I Cipinang Muara,Jatinegara,Padat/Kumuh
SDN Cipinang Muara 17 Pg.,Jl. Cipinang Muara III,Jatinegara,Padat/Kumuh
SDN Cipinang Muara 22 Pt.,Jl. Cipinang Lontar Indah,Jatinegara,Padat/Kumuh
SDN Cipulir 08 Pt.,Jl. Kebon Mangga I No. 29,Kebayoran Lama,Padat/Kumuh
SDN Cipulir 11 Pg.,Jl. Samudra I,Kebayoran Lama,Padat/Kumuh
SDN Ciracas 01 Pg.,Jl. Raya Bogor Km. 25,Ciracas,Padat/Kumuh
SDN Ciracas 02 Pt.,Jl. Raya Bogor Km. 25,Ciracas,Padat/Kumuh
SDN Ciracas 07 Pg.,Jl. Raya Centex Gg. Kramat,Ciracas,Padat/Kumuh
SDN Ciracas 10 Pg.,Jl. Raya Ciracas,Ciracas,Padat/Kumuh
SDN Ciracas 12 Pt.,Jl. Raya Ciracas,Ciracas,Padat/Kumuh
SDN Dukuh 07 Pt.,Jl. Dukuh V,Kramat Jati,Padat/Kumuh
SDN Duren Sawit 09 Pg.,Jl. Komp. IKIP No. 26,Duren Sawit,Padat/Kumuh
SDN Duren Sawit 14 Pg.,Jl. Cilungup II RT09/RW10,Duren Sawit,Padat/Kumuh
SDN Duri Kepa 07 Pg.,Jl. Ratu Alamanda,Kebon Jeruk,Padat/Kumuh
SDN Duri Pulo 01 Pg.,Jl. Setiakawan III No. 25,Gambir,Padat/Kumuh
SDN Duri Pulo 02 Pg.,Jl. Setiakawan III No. 25,Gambir,Padat/Kumuh
SDN Duri Pulo 03 Pg.,Jl. Setiakawan III No. 25,Gambir,Padat/Kumuh
SDN Duri Pulo 04 Pg.,Jl. Setiakawan III No. 25,Gambir,Padat/Kumuh
SDN Duri Pulo 05 Pg.,Jl. Setiakawan III No. 25,Gambir,Padat/Kumuh
SDN Duri Pulo 10 Pg.,Jl. Setiakawan III No. 25,Gambir,Padat/Kumuh
SDN Duri Utara 01 Pg.,Jl. Duri Utara I No. 1,Tambora,Padat/Kumuh
SDN Duri Utara 02 Pt.,Jl. Duri Utara I No. 1,Tambora,Padat/Kumuh
SDN Duri Utara 03 Pg.,Jl. Duri Utara I No. 1,Tambora,Padat/Kumuh
SDN Duri Utara 04 Pt.,Jl. Duri Utara I No. 1,Tambora,Padat/Kumuh
SDN Duri Utara 05 Pg.,Jl. Duri Utara I No. 1,Tambora,Padat/Kumuh
SDN Duri Utara 06 Pt.,Jl. Duri Utara I No. 1,Tambora,Padat/Kumuh
SDN Galur 01 Pg.,Jl. Kampung Rawa Tengah,Johar Baru,Padat/Kumuh
SDN Galur 03 Pg.,Jl. Kampung Rawa Tengah,Johar Baru,Padat/Kumuh
SDN Grogol 01 Pg.,Jl. Dr. Semeru Raya VII Blok J,Grogol Petamburan,Padat/Kumuh
SDN Grogol 03 Pg.,Jl. Dr. Semeru Raya Gg. VII Blok J No. 1,Grogol Petamburan,Padat/Kumuh
SDN Grogol 07 Pg.,Jl. Dr. Semeru Raya No. 1,Grogol Petamburan,Padat/Kumuh
SDN Grogol 11 Pg.,Jl. Rawa Bahagia I No. 30,Grogol Petamburan,Padat/Kumuh
SDN Grogol Selatan 15 Pt.,"Jl. Panjang, Cidodol",Kebayoran Lama,Padat/Kumuh
SDN Grogol Selatan 16 Pt.,"Jl. Panjang, Cidodol",Kebayoran Lama,Padat/Kumuh
SDN Grogol Selatan 17 Pg.,Jl. Mesjid Cidodol,Kebayoran Lama,Padat/Kumuh
SDN Grogol Utara 02 Pt.,Jl. Patal Senayan No. 49,Kebayoran Lama,Padat/Kumuh
SDN Grogol Utara 13 Pg.,Jl. Kemandoran VIII,Kebayoran Lama,Padat/Kumuh
SDN Grogol Utara 16 Pg.,Jl. Kemandoran I No. 65,Kebayoran Lama,Padat/Kumuh
SDN Harapan Mulia 02 Pt.,Jl. Cempaka Wangi I,Kemayoran,Padat/Kumuh
SDN Harapan Mulia 03 Pg.,Jl. Tembaga Dalam II,Kemayoran,Padat/Kumuh
SDN Harapan Mulia 04 Pt.,Jl. Tembaga Dalam II,Kemayoran,Padat/Kumuh
SDN Jagakarsa 13 Pg.,Jl. Kebagusan Wates,Jagakarsa,Padat/Kumuh
SDN Jati 08 Pg.,Jl. Layur Selatan No. 19,Pulo Gadung,Padat/Kumuh
SDN Jati Pulo 03 Pg.,Jl. Semangka II No. 34,Palmerah,Padat/Kumuh
SDN Jati Pulo 04 Pt.,Jl. Semangka II No. 34,Palmerah,Padat/Kumuh
SDN Jatinegara 06 Pg.,"DR. KRT. Radjiman Widyodiningrat, Pulo Jahe",Cakung,Padat/Kumuh
SDN Jatinegara 12 Pt.,Jl. Radjiman Widyodiningrat Pulo Jahe,Cakung,Padat/Kumuh
SDN Jatinegara 15 Pg.,Jl. Dr. KRT. Radjiman Widyodiningrat Kp. Rawa Badung,Cakung,Padat/Kumuh
SDN Jatinegara Kaum 03 Pg.,Jl. Raya Bekasi Km. 18,Pulo Gadung,Padat/Kumuh
SDN Jatinegara Kaum 04 Pt.,Jl. Raya Bekasi Km. 17,Pulo Gadung,Padat/Kumuh
SDN Jatinegara Kaum 06 Pg.,Jl. Tanah Koja II,Pulo Gadung,Padat/Kumuh
SDN Jatinegara Kaum 15 Pg.,Jl. Jatinegara Kaum Raya No. 3,Pulo Gadung,Padat/Kumuh
SDN Jelambar Baru 06 Pt.,Jl. Jelambar Selatan XVI,Grogol Petamburan,Padat/Kumuh
SDN Jelambar Baru 09 Pg.,Jl. Sukajaya I,Grogol Petamburan,Padat/Kumuh
SDN Jembatan Besi 01 Pg.,Jl. Jembatan Besi IX No. 31,Tambora,Padat/Kumuh
SDN Jembatan Besi 03 Pg.,Jl. Jembatan Besi IX No. 31,Tambora,Padat/Kumuh
SDN Jembatan Besi 04 Pt.,Jl. Jembatan Besi IX No. 31,Tambora,Padat/Kumuh
SDN Jembatan Lima 01 Pg.,Jl. K.H. Moh. Mansyur II Sawah Lio Gg. 2 No. 8A,Tambora,Padat/Kumuh
SDN Jembatan Lima 02 Pt.,Jl. K.H. Moh. Mansyur II,Tambora,Padat/Kumuh
SDN Jembatan Lima 03 Pg.,Jl. K.H. Moh. Mansyur II,Tambora,Padat/Kumuh
SDN Jembatan Lima 04 Pt.,Jl. K.H. Moh. Mansyur II,Tambora,Padat/Kumuh
SDN Johar Baru 03 Pg.,Jl. Kramat Jaya Baru Blok H,Johar Baru,Padat/Kumuh
SDN Johar Baru 13 Pg.,Jl. Kramat Jaya Gg. VIII,Johar Baru,Padat/Kumuh
SDN Johar Baru 14 Pt.,Jl. Kramat Jaya Gg. VIII,Johar Baru,Padat/Kumuh
SDN Johar Baru 15 Pg.,Jl. Kramat Jaya Gg. VIII,Johar Baru,Padat/Kumuh
SDN Johar Baru 16 Pt.,Jl. Kramat Jaya Gg. VIII,Johar Baru,Padat/Kumuh
SDN Johar Baru 17 Pg.,Jl. Kramat Jaya Gg. VIII,Johar Baru,Padat/Kumuh
SDN Johar Baru 18 Pt.,Jl. Kramat Jaya Gg. VIII,Johar Baru,Padat/Kumuh
SDN Johar Baru 19 Pg.,Jl. Kramat Jaya Gg. VIII,Johar Baru,Padat/Kumuh
SDN Johar Baru 21 Pg.,Jl. Kramat Jaya Baru Blok H-1,Johar Baru,Padat/Kumuh
SDN Johar Baru 23 Pg.,Jl. Kramat Jaya Baru Blok H,Johar Baru,Padat/Kumuh
SDN Kali Anyar 01 Pg.,Jl. Kali Anyar IV Gg. I No. 1,Tambora,Padat/Kumuh
SDN Kali Anyar 02 Pt.,Jl. Kali Anyar IV Gg. I No. 1,Tambora,Padat/Kumuh
SDN Kali Baru 01 Pg.,Jl. Kalibaru Timur IV,Cilincing,Padat/Kumuh
SDN Kali Baru 03 Pg.,Jl. Kali Baru Timur III F No. 2,Cilincing,Padat/Kumuh
SDN Kali Baru 06 Pt.,Jl. Kalibaru Barat IV No. 60,Cilincing,Padat/Kumuh
SDN Kali Baru 08 Pt.,Jl. Tanah Merdeka No. 60,Cilincing,Padat/Kumuh
SDN Kalibata 11 Pg.,Jl. Kalibata Tengah,Pancoran,Padat/Kumuh
SDN Kalideres 09 Pg.,"Jl. Daan Mogot Km. 15,6",Kalideres,Padat/Kumuh
SDN Kalideres 10 Pg.,"Jl. Daan Mogot Km. 15,6",Kalideres,Padat/Kumuh
SDN Kalisari 07 Pg.,Jl. Raya Kalisari,Pasar Rebo,Padat/Kumuh
SDN Kalisari 10 Pt.,Jl. Raya Kalisari RT006/RW02,Pasar Rebo,Padat/Kumuh
SDN Kamal 01 Pg.,Jl. Kebon Dua Ratus RT03/RW06,Kalideres,Padat/Kumuh
SDN Kamal 07 Pg.,Jl. Prepedan,Kalideres,Padat/Kumuh
SDN Kampung Bali 01 Pg.,Jl. Jatibaru Raya No. 10,Tanah Abang,Padat/Kumuh
SDN Kampung Bali 02 Pt.,Jl. Jati Baru No. 10,Tanah Abang,Padat/Kumuh
SDN Kampung Melayu 01 Pg.,Jl. Kb. Pala I No. 34,Jatinegara,Padat/Kumuh
SDN Kampung Melayu 02 Pt.,Jl. Kb. Pala I No. 34,Jatinegara,Padat/Kumuh
SDN Kampung Tengah 03 Pg.,Jl. Rantai Perak RT004/RW05,Kramat Jati,Padat/Kumuh
SDN Kampung Tengah 08 Pg.,Jl. Pasar Induk,Kramat Jati,Padat/Kumuh
SDN Kampung Tengah 11 Pg.,Jl. Trikora IV,Kramat Jati,Padat/Kumuh
SDN Kapuk 03 Pg.,Jl. Kapuk Raya No. 48A,Cengkareng,Padat/Kumuh
SDN Kapuk 14 Pg.,Jl. Kapuk Raya Gg. Mawar,Cengkareng,Padat/Kumuh
SDN Kapuk 15 Pg.,Jl. Kapuk AMD,Cengkareng,Padat/Kumuh
SDN Kapuk 16 Pg.,Jl. Kapuk AMD,Cengkareng,Padat/Kumuh
SDN Karang Anyar 01 Pg.,"Jl. B III No. 11, Karang Anyar",Sawah Besar,Padat/Kumuh
SDN Karang Anyar 02 Pt.,"Pasar, Jl. B III, Karang Anyar",Sawah Besar,Padat/Kumuh
SDN Karang Anyar 04 Pt.,Jl. Karang Anyar IX No. 17,Sawah Besar,Padat/Kumuh
SDN Karang Anyar 05 Pg.,"Pasar, Jl. B III, Karang Anyar",Sawah Besar,Padat/Kumuh
SDN Karang Anyar 06 Pt.,"Jl. B III No. 11, Karang Anyar",Sawah Besar,Padat/Kumuh
SDN Karang Anyar 08 Pg.,"Pasar, Jl. B III, Karang Anyar",Sawah Besar,Padat/Kumuh
SDN Karet 04 Pg.,Jl. Karet Belakang Raya,Setia Budi,Padat/Kumuh
SDN Karet 06 Pg.,Jl. Karbela Raya No. 1,Setia Budi,Padat/Kumuh
SDN Karet Tengsin 09 Pg.,Jl. Karet Pasar Baru Barat VII,Tanah Abang,Padat/Kumuh
SDN Karet Tengsin 13 Pg.,Jl. Karet Pasar Baru Barat I,Tanah Abang,Padat/Kumuh
SDN Karet Tengsin 15 Pg.,Jl. Karet Pasar Baru Barat IV,Tanah Abang,Padat/Kumuh
SDN Kartini 02 Pt.,Jl. Gotong Royong Gg. E. Kel. Kartini,Sawah Besar,Padat/Kumuh
SDN Kayumanis 01 Pg.,Jl. Kayumanis IV No. 20,Matraman,Padat/Kumuh
SDN Kayumanis 02 Pt.,Jl. Kayumanis IV Baru No. 20,Matraman,Padat/Kumuh
SDN Kayumanis 03 Pg.,Jl. Kayumanis IV Baru No. 20,Matraman,Padat/Kumuh
SDN Kayumanis 04 Pt.,Jl. Kayumanis IV No. 20,Matraman,Padat/Kumuh
SDN Keb. Lama Selatan 02 Pt.,Jl. Ciputat Raya,Kebayoran Lama,Padat/Kumuh
SDN Keb. Lama Selatan 03 Pg.,Jl. Ciputat Raya,Kebayoran Lama,Padat/Kumuh
SDN Keb. Lama Selatan 09 Pg.,Jl. Moh. Ismail No. 3,Kebayoran Lama,Padat/Kumuh
SDN Keb. Lama Selatan 10 Pt.,Jl. Moh. Ismail,Kebayoran Lama,Padat/Kumuh
SDN Keb. Lama Selatan 16 Pg.,Jl. Bungur Kampung Dukuh,Kebayoran Lama,Padat/Kumuh
SDN Kebon Bawang 04 Pt.,Jl. Kebon Bawang XIII,Tanjung Priok,Padat/Kumuh
SDN Kebon Jeruk 05 Pg.,Jl. Salman,Kebon Jeruk,Padat/Kumuh
SDN Kebon Kacang 01 Pg.,Jl. Kb. Kacang Raya No. 48,Tanah Abang,Padat/Kumuh
SDN Kebon Kacang 02 Pt.,Jl. Kb. Kacang Raya No. 48,Tanah Abang,Padat/Kumuh
SDN Kebon Kacang 03 Pg.,Jl. Kb. Kacang Raya No. 48,Tanah Abang,Padat/Kumuh
SDN Kebon Kosong 02 Pg.,Jl. Dakota V RT011/RW09,Kemayoran,Padat/Kumuh
SDN Kebon Kosong 03 Pg.,Jl. Dakota IV,Kemayoran,Padat/Kumuh
SDN Kebon Kosong 04 Pg.,Jl. Dakota V,Kemayoran,Padat/Kumuh
SDN Kebon Kosong 05 Pg.,Jl. Kemayoran Gempol Galindra,Kemayoran,Padat/Kumuh
SDN Kebon Kosong 07 Pg.,Jl. Dakota II,Kemayoran,Padat/Kumuh
SDN Kebon Kosong 09 Pg.,Jl. Kemayoran Gempol No. 32,Kemayoran,Padat/Kumuh
SDN Kebon Kosong 10 Pg.,Jl. Kemayoran Gempol No. 32,Kemayoran,Padat/Kumuh
SDN Kebon Kosong 11 Pg.,Jl. Dakota II,Kemayoran,Padat/Kumuh
SDN Kebon Kosong 13 Pg.,Jl. Ketapang Baru II,Kemayoran,Padat/Kumuh
SDN Kebon Kosong 15 Pg.,Jl. Ketapang Baru II,Kemayoran,Padat/Kumuh
SDN Kebon Manggis 03 Pg.,Jl. Slamet Riyadi II No. 7B,Matraman,Padat/Kumuh
SDN Kebon Manggis 08 Pg.,Jl. Kebon Manggis I No. 28,Matraman,Padat/Kumuh
SDN Kebon Melati 01 Pg.,Jl. Sabeni No. 12,Tanah Abang,Padat/Kumuh
SDN Kebon Melati 02 Pg.,Jl. Sabeni No. 12,Tanah Abang,Padat/Kumuh
SDN Kebon Melati 03 Pg.,Jl. Sabeni No. 12,Tanah Abang,Padat/Kumuh
SDN Kebon Pala 09 Pg.,Jl. Permata Gg. Sami,Makasar,Padat/Kumuh
SDN Kedaung Kali Angke 06 Pg.,Jl. Tawang Mangu No. 41,Cengkareng,Padat/Kumuh
SDN Kedaung Kali Angke 14 Pg.,Jl. Zamrud,Cengkareng,Padat/Kumuh
SDN Kedoya Utara 04 Pg.,Jl. Raya Kedoya Utara RT11/RW7,Kebon Jeruk,Padat/Kumuh
SDN Kedoya Utara 09 Pg.,Jl. Kedoya Pesing,Kebon Jeruk,Padat/Kumuh
SDN Kedoya Utara 10 Pg.,Jl. Kedoya Pesing Koneng,Kebon Jeruk,Padat/Kumuh
SDN Kemanggisan 05 Pg.,"Jl. Anggrek Garuda Blok E, Slipi",Palmerah,Padat/Kumuh
SDN Kemanggisan 08 Pg.,Jl. Anggrek Garuda No. 17,Palmerah,Padat/Kumuh
SDN Kemayoran 03 Pg.,Jl. Kepu Dalam Gg. X,Kemayoran,Padat/Kumuh
SDN Kemayoran 07 Pg.,Jl. Kepu Dalam Gg. X,Kemayoran,Padat/Kumuh
SDN Kemayoran 08 Pt.,Jl. Kepu Dalam Gg. X,Kemayoran,Padat/Kumuh
SDN Kemayoran 09 Pg.,Jl. Kemayoran Tengah,Kemayoran,Padat/Kumuh
SDN Kemayoran 11 Pg.,Jl. Kemayoran Tengah,Kemayoran,Padat/Kumuh
SDN Kemayoran 12 Pt.,Jl. Kemayoran Tengah,Kemayoran,Padat/Kumuh
SDN Kemayoran 13 Pg.,Jl. Kemayoran Tengah,Kemayoran,Padat/Kumuh
SDN Kemayoran 14 Pt.,Jl. Kemayoran Tengah,Kemayoran,Padat/Kumuh
SDN Kemayoran 15 Pg.,Jl. Kepu Dalam Gg. X,Kemayoran,Padat/Kumuh
SDN Kemayoran 16 Pt.,Jl. Kepu Dalam Gg. X,Kemayoran,Padat/Kumuh
SDN Kemayoran 17 Pg.,Jl. Kepu Dalam Gg. X,Kemayoran,Padat/Kumuh
SDN Kembangan Utara 08 Pt.,Jl. Kampung Baru,Kembangan,Padat/Kumuh
SDN Kembangan Utara 09 Pg.,Jl. Basmol Raya,Kembangan,Padat/Kumuh
SDN Kembangan Utara 10 Pg.,Jl. Kp. Basmol Kembangan,Kembangan,Padat/Kumuh
SDN Kembangan Utara 11 Pt.,Jl. Kp. Basmol RT009/RW06,Kembangan,Padat/Kumuh
SDN Kembangan Utara 12 Pt.,Jl. Kp. Basmol RT009/RW06,Kembangan,Padat/Kumuh
SDN Kenari 06 Pt.,Jl. Kramat IV No. 25,S e n e n,Padat/Kumuh
SDN Klender 01 Pg.,Jl. Pertanian,Duren Sawit,Padat/Kumuh
SDN Klender 02 Pt.,Jl. Pertanian,Duren Sawit,Padat/Kumuh
SDN Klender 06 Pg.,Jl. Pertanian Timur,Duren Sawit,Padat/Kumuh
SDN Klender 07 Pg.,Jl. Pertanian Timur,Duren Sawit,Padat/Kumuh
SDN Klender 12 Pg.,Jl. Pertanian Utara RT004/RW01,Duren Sawit,Padat/Kumuh
SDN Klender 24 Pg.,Jl. Pertanian,Duren Sawit,Padat/Kumuh
SDN Kota Bambu 02 Pt.,Komp. PJKA Pondok Bandung,Palmerah,Padat/Kumuh
SDN Kota Bambu 03 Pg.,Jl. K.S. Tubun I No. 14,Palmerah,Padat/Kumuh
SDN Kota Bambu 04 Pt.,Jl. K.S. Tubun I No. 14,Palmerah,Padat/Kumuh
SDN Kota Bambu 05 Pg.,Jl. K.S. Tubun I No. 14,Palmerah,Padat/Kumuh
SDN Kramat 01 Pg.,Jl. Kalibaru No. 34,S e n e n,Padat/Kumuh
SDN Kramat 02 Pt.,Jl. Kalibaru No. 34,S e n e n,Padat/Kumuh
SDN Kramat 03 Pg.,Jl. Kalibaru No. 34,S e n e n,Padat/Kumuh
SDN Kramat 04 Pt.,Jl. Kalibaru No. 34,S e n e n,Padat/Kumuh
SDN Kramat Jati 02 Pg.,Jl. Batu Tumbuh,Kramat Jati,Padat/Kumuh
SDN Kramat Jati 03 Pg.,Jl. Masjid Al Ihsan,Kramat Jati,Padat/Kumuh
SDN Kramat Jati 06 Pg.,Jl. Batu Tumbuh,Kramat Jati,Padat/Kumuh
SDN Kramat Jati 07 Pg.,Jl. RS Polri Sukanto,Kramat Jati,Padat/Kumuh
SDN Kramat Jati 11 Pg.,Jl. Nusa I,Kramat Jati,Padat/Kumuh
SDN Kramat Jati 12 Pg.,Jl. Nusa I,Kramat Jati,Padat/Kumuh
SDN Kramat Jati 13 Pg.,Jl. RS Polri Sukanto,Kramat Jati,Padat/Kumuh
SDN Kramat Jati 24 Pg.,Jl. Kerja Bakti,Kramat Jati,Padat/Kumuh
SDN Krukut 01 Pg.,Jl. K.H. Zainul Arifin No. 4,Taman Sari,Padat/Kumuh
SDN Krukut 04 Pt.,Jl. K.H. Zainul Arifin No. 4,Taman Sari,Padat/Kumuh
SDN Kuningan Barat 01 Pg.,Jl. PLN Kuningan Barat I,Mampang Prapatan,Padat/Kumuh
SDN Kuningan Barat 03 Pg.,Jl. PLN Kuningan Barat,Mampang Prapatan,Padat/Kumuh
SDN Kuningan Barat 05 Pg.,Jl. PLN Kuningan Barat,Mampang Prapatan,Padat/Kumuh
SDN Kwitang 02 Pt.,Jl. Kramat III Gg. Listrik I,S e n e n,Padat/Kumuh
SDN Lagoa 07 Pg.,Jl. Pramuka Gg. IV No. 15,K o j a,Padat/Kumuh
SDN Lagoa 08 Pt.,Jl. Pramuka Gg. IV No. 15,K o j a,Padat/Kumuh
SDN Lagoa 09 Pg.,Jl. D.I. Gg. IV Lagoa Terusan RT017/RW003,K o j a,Padat/Kumuh
SDN Lenteng Agung 05 Pg.,Jl. Agung Raya II,Jagakarsa,Padat/Kumuh
SDN Lenteng Agung 11 Pg.,Jl. Waspada II,Jagakarsa,Padat/Kumuh
SDN Lenteng Agung 12 Pt.,Jl. Waspada II,Jagakarsa,Padat/Kumuh
SDN Makasar 01 Pg.,Jl. Kerja Bakti,Makasar,Padat/Kumuh
SDN Mampang Prapatan 03 Pg.,Jl. Kapten Piere Tendean Gg. Kamboja No. 44,Mampang Prapatan,Padat/Kumuh
SDN Mampang Prapatan 04 Pt.,Jl. K. Tendean Gg. Kamboja No. 44,Mampang Prapatan,Padat/Kumuh
SDN Mampang Prapatan 05 Pg.,Jl. K. Tendean Gg. Kamboja No. 44,Mampang Prapatan,Padat/Kumuh
SDN Mampang Prapatan 06 Pt.,Jl. K. Tendean Gg. Kamboja No. 44,Mampang Prapatan,Padat/Kumuh
SDN Mangga Dua Selatan 01 Pg.,"Jl. Melawan Dalam No. 1, Mangga Dua Selatan",Sawah Besar,Padat/Kumuh
SDN Mangga Dua Selatan 02 Pt.,"Jl. Melawan Dalam No. 1, Mangga Dua Selatan",Sawah Besar,Padat/Kumuh
SDN Mangga Dua Selatan 03 Pg.,"Jl. Melawan Dalam No. 1, Mangga Dua Selatan",Sawah Besar,Padat/Kumuh
SDN Manggarai 06 Pt.,Jl. Swadaya I,T e b e t,Padat/Kumuh
SDN Manggarai 07 Pg.,Jl. Swadaya I,T e b e t,Padat/Kumuh
SDN Manggarai 11 Pg.,Jl. Manggarai Selatan II,T e b e t,Padat/Kumuh
SDN Manggarai 13 Pg.,Jl. Manggarai Selatan II,T e b e t,Padat/Kumuh
SDN Manggarai Selatan 03 Pg.,Jl. Sederhana I,T e b e t,Padat/Kumuh
SDN Maphar 02 Pg.,Jl. Kebun Jeruk VII No. 5,Taman Sari,Padat/Kumuh
SDN Menteng Atas 11 Pg.,Jl. Minangkabau Dalam,Setia Budi,Padat/Kumuh
SDN Menteng Atas 12 Pg.,Jl. Minangkabau Dalam,Setia Budi,Padat/Kumuh
SDN Menteng Atas 13 Pt.,Jl. Minangkabau Dalam,Setia Budi,Padat/Kumuh
SDN Menteng Atas 18 Pt.,Jl. Minangkabau Dalam,Setia Budi,Padat/Kumuh
SDN Menteng Atas 21 Pg.,Jl. Menteng Pulo Ujung,Setia Budi,Padat/Kumuh
SDN Meruya Utara 06 Pt.,Jl. Meruya Utara,Kembangan,Padat/Kumuh
SDN Meruya Utara 10 Pg.,Jl. Jomas RT002/RW05,Kembangan,Padat/Kumuh
SDN P Mangga Dua Selatan 05 Pg.,"Jl. Mangga Besar XIIIA, Mangga Dua Selatan",Sawah Besar,Padat/Kumuh
SDN Pademangan Barat 03 Pg.,Jl. Hidup Baru I No. 101,Pademangan,Padat/Kumuh
SDN Pademangan Barat 04 Pt.,Jl. Hidup Baru I No. 101,Pademangan,Padat/Kumuh
SDN Pademangan Barat 07 Pg.,Jl. Ampera VII,Pademangan,Padat/Kumuh
SDN Pademangan Barat 08 Pt.,Jl. Ampera VII,Pademangan,Padat/Kumuh
SDN Pademangan Barat 11 Pg.,Jl. Budimulia,Pademangan,Padat/Kumuh
SDN Pademangan Barat 12 Pg.,Jl. Hidup Baru I No. 101,Pademangan,Padat/Kumuh
SDN Pademangan Barat 13 Pt.,Jl. Hidup Baru I No. 101,Pademangan,Padat/Kumuh
SDN Pademangan Barat 14 Pt.,Jl. Budimulia,Pademangan,Padat/Kumuh
SDN Pademangan Timur 03 Pg.,Jl. Pademangan VI Gg. 34,Pademangan,Padat/Kumuh
SDN Pademangan Timur 04 Pt.,Jl. Pademangan VI Gg. 34,Pademangan,Padat/Kumuh
SDN Pademangan Timur 05 Pg.,Jl. Pademangan VI Gg. 34,Pademangan,Padat/Kumuh
SDN Pademangan Timur 07 Pt.,Jl. Pademangan VI Gg. 34,Pademangan,Padat/Kumuh
SDN Pademangan Timur 09 Pg.,Jl. Pademangan Timur VI No. 78,Pademangan,Padat/Kumuh
SDN Palmerah 13 Pg.,Jl. Palmerah Barat II,Palmerah,Padat/Kumuh
SDN Palmerah 14 Pg.,Jl. Palmerah Barat II,Palmerah,Padat/Kumuh
SDN Palmerah 25 Pg.,Jl. Kemanggisan Pulo,Palmerah,Padat/Kumuh
SDN Palmeriam 01 Pg.,Jl. Kayumanis I Lama,Matraman,Padat/Kumuh
SDN Palmeriam 02 Pt.,Jl. Kayumanis I Lama,Matraman,Padat/Kumuh
SDN Palmeriam 03 Pg.,Jl. Kayumanis I Lama,Matraman,Padat/Kumuh
SDN Pancoran 10 Pg.,Jl. Pancoran Barat VIII,Pancoran,Padat/Kumuh
SDN Papanggo 02 Pt.,Jl. Papanggo III No. 53,Tanjung Priok,Padat/Kumuh
SDN Papanggo 03 Pg.,Jl. Warakas I Gg. 25,Tanjung Priok,Padat/Kumuh
SDN Pasar Baru 09 Pg.,"Jl. Krekot Bunder III No. 1, Pasar Baru",Sawah Besar,Padat/Kumuh
SDN Pasar Manggis 01 Pg.,Jl. Menteng Granit VII,Setia Budi,Padat/Kumuh
SDN Pasar Manggis 02 Pt,Jl. Menteng Granit VII No. 5,Setia Budi,Padat/Kumuh
SDN Pasar Manggis 03 Pg.,Jl. Sawah Lunto No. 56,Setia Budi,Padat/Kumuh
SDN Pasar Minggu 03 Pg.,Jl. Mujair I Rawa Bambu,Pasar Minggu,Padat/Kumuh
SDN Paseban 01 Pg.,Jl. Kramat Sawah VI,S e n e n,Padat/Kumuh
SDN Paseban 02 Pg.,Jl. Kramat Sawah VI,S e n e n,Padat/Kumuh
SDN Paseban 03 Pg.,Jl. Kramat Sawah VI,S e n e n,Padat/Kumuh
SDN Paseban 09 Pg.,Jl. Salemba Tengah I No. 21,S e n e n,Padat/Kumuh
SDN Paseban 17 Pg.,Jl. H. Murthado VIII,S e n e n,Padat/Kumuh
SDN Pegadungan 02 Pg.,Jl. 20 Desember,Kalideres,Padat/Kumuh
SDN Pegadungan 04 Pg.,Jl. 20 Desember RT001/RW03,Kalideres,Padat/Kumuh
SDN Pegadungan 06 Pg.,Jl. Irigasi,Kalideres,Padat/Kumuh
SDN Pegadungan 10 Pt.,Jl. Irigasi Rawa Lele RT08/RW01,Kalideres,Padat/Kumuh
SDN Pegadungan 12 Pg.,Jl. Kumbang Raya Rawalele No. 54,Kalideres,Padat/Kumuh
SDN Pegangsaan 01 Pg.,Jl. Ampiun No. 1A,Menteng,Padat/Kumuh
SDN Pegangsaan 02 Pt.,Jl. Ampiun No. 1A,Menteng,Padat/Kumuh
SDN Pegangsaan Dua 01 Pg.,"Jl. Kepu, Pegangsaan Dua",Kelapa Gading,Padat/Kumuh
SDN Pegangsaan Dua 04 Pt.,"Jl. Kepu, Pegangsaan Dua No. 21",Kelapa Gading,Padat/Kumuh
SDN Pegangsaan Dua 08 Pg.,"Jl. Kompi Udin, Pegangsaan Dua",Kelapa Gading,Padat/Kumuh
SDN Pejagalan 04 Pt.,Jl. Raya Teluk Gong No. 160,Penjaringan,Padat/Kumuh
SDN Pejagalan 06 Pt.,"Teluk Gong, Jl. V",Penjaringan,Padat/Kumuh
SDN Pejagalan 11 Pg.,"Jl. Cenang I, Teluk Gong",Penjaringan,Padat/Kumuh
SDN Pejaten Timur 03 Pg.,Jl. Poltangan IV,Pasar Minggu,Padat/Kumuh
SDN Pejaten Timur 21 Pt.,Jl. Kemuning Dalam I,Pasar Minggu,Padat/Kumuh
SDN Pekayon 07 Pg.,Jl. Raya Bogor Km. 27,Pasar Rebo,Padat/Kumuh
SDN Pekojan 01 Pg.,Jl. Mesjid Pekojan No. 161-163,Tambora,Padat/Kumuh
SDN Pekojan 02 Pt.,Jl. Mesjid Pekojan No. 161-163,Tambora,Padat/Kumuh
SDN Pekojan 06 Pt.,Jl. Mesjid Pekojan No. 161-163,Tambora,Padat/Kumuh
SDN Pela Mampang 02 Pt.,Jl. Bangka II Gg. 5,Mampang Prapatan,Padat/Kumuh
SDN Pela Mampang 04 Pt.,"Jl. Bangka VIII RT07/RW12, Gg. Manggis",Mampang Prapatan,Padat/Kumuh
SDN Pela Mampang 07 Pg.,Jl. Bangka IX C No. 1,Mampang Prapatan,Padat/Kumuh
SDN Pela Mampang 08 Pg.,"Jl. Bangka VIII RT07/RW12, Gg. Manggis",Mampang Prapatan,Padat/Kumuh
SDN Pela Mampang 09 Pg.,"Jl. Bangka VIII , Gg. Manggis",Mampang Prapatan,Padat/Kumuh
SDN Pela Mampang 10 Pt.,"Jl. Bangka VIII RT07/RW12, Gg. Manggis",Mampang Prapatan,Padat/Kumuh
SDN Penjaringan 01 Pg.,Jl. Luar Batang V,Penjaringan,Padat/Kumuh
SDN Penjaringan 02 Pt.,Jl. Luar Batang V RT015/RW03,Penjaringan,Padat/Kumuh
SDN Penjaringan 03 Pg.,Jl. Raya Pluit Selatan 105,Penjaringan,Padat/Kumuh
SDN Penjaringan 04 Pg.,Jl. Raya Pluit Selatan No. 105,Penjaringan,Padat/Kumuh
SDN Penjaringan 05 Pt.,Jl. Raya Pluit Selatan No. 105,Penjaringan,Padat/Kumuh
SDN Penjaringan 06 Pg.,Jl. Bandengan Utara No. 80,Penjaringan,Padat/Kumuh
SDN Penjaringan 08 Pg.,Jl. Bandengan Utara No. 80,Penjaringan,Padat/Kumuh
SDN Penjaringan 09 Pt.,Jl. Bandengan Utara No. 80,Penjaringan,Padat/Kumuh
SDN Penjaringan 11 Pt.,Jl. Bandengan Utara No. 80,Penjaringan,Padat/Kumuh
SDN Penjaringan 12 Pt.,Jl. Raya Pluit Selatan No. 105,Penjaringan,Padat/Kumuh
SDN Petamburan 01 Pg.,Jl. Petamburan No. 4,Tanah Abang,Padat/Kumuh
SDN Petamburan 02 Pt.,Jl. Petamburan IV,Tanah Abang,Padat/Kumuh
SDN Petamburan 03 Pg.,Jl. Petamburan IV,Tanah Abang,Padat/Kumuh
SDN Petamburan 04 Pt.,Jl. Petamburan IV No. 52,Tanah Abang,Padat/Kumuh
SDN Petamburan 08 Pg.,Jl. Petamburan II No. 33,Tanah Abang,Padat/Kumuh
SDN Petojo Selatan 01 Pg.,Jl. Tanah Abang V No. 29,Gambir,Padat/Kumuh
SDN Petojo Selatan 02 Pg.,Jl. Tanah Abang V No. 29,Gambir,Padat/Kumuh
SDN Petojo Selatan 05 Pg.,Jl. Petojo Encek XIV No. 35,Gambir,Padat/Kumuh
SDN Petukangan Selatan 04 Pt.,Jl. Inpres,Pesanggrahan,Padat/Kumuh
SDN Petukangan Selatan 05 Pg.,Jl. Inpres RT0014/RW02,Pesanggrahan,Padat/Kumuh
SDN Pinang Ranti 01 Pg.,Jl. Taman Mini Pintu II,Makasar,Padat/Kumuh
SDN Pinang Ranti 03 Pt.,Jl. Asem Nirbaya,Makasar,Padat/Kumuh
SDN Pinang Ranti 06 Pt.,Jl. Pinang Ranti I,Makasar,Padat/Kumuh
SDN Pinangsia 03 Pg.,Jl. Jembatan Batu No. 49,Taman Sari,Padat/Kumuh
SDN Pinangsia 06 Pg.,Jl. Jembatan Batu No. 74,Taman Sari,Padat/Kumuh
SDN Pisangan Baru 05 Pg.,Jl. Pisangan Baru Tengah,Matraman,Padat/Kumuh
SDN Pisangan Baru 11 Pg.,Jl. Pisangan Baru I,Matraman,Padat/Kumuh
SDN Pisangan Timur 05 Pg.,Jl. Pisangan Lama Dalam I,Pulo Gadung,Padat/Kumuh
SDN Pisangan Timur 07 Pg.,Jl. Pisangan Lama Dalam I,Pulo Gadung,Padat/Kumuh
SDN Pisangan Timur 12 Pg.,Jl. Haji Mugeni II,Pulo Gadung,Padat/Kumuh
SDN Pisangan Timur 19 Pg.,Jl. Gading Raya I,Pulo Gadung,Padat/Kumuh
SDN Pluit 03 Pg.,Jl. Komp. Nelayan Muara Angke,Penjaringan,Padat/Kumuh
SDN Pluit 05 Pg.,Jl. Komp. Nelayan Muara Angke,Penjaringan,Padat/Kumuh
SDN Pondok Bambu 13 Pg.,Jl. Balai Rakyat III,Duren Sawit,Padat/Kumuh
SDN Pondok Kopi 01 Pg.,Jl. Bina Karya RT005/RW03,Duren Sawit,Padat/Kumuh
SDN Pondok Pinang 02 Pt.,Jl. Pondok Pinang Raya,Kebayoran Lama,Padat/Kumuh
SDN Pondok Pinang 05 Pg.,Jl. Ciputat Raya Gg. SD III,Kebayoran Lama,Padat/Kumuh
SDN Pulogadung 01 Pg.,Jl. Kemuning II,Pulo Gadung,Padat/Kumuh
SDN Pulogadung 03 Pg.,Jl. Kemuning II,Pulo Gadung,Padat/Kumuh
SDN Pulogadung 04 Pt.,Jl. Kemuning II,Pulo Gadung,Padat/Kumuh
SDN Pulogebang 06 Pg.,Jl. P. Komaruddin Ujung Krawang,Cakung,Padat/Kumuh
SDN Pulogebang 17 Pt.,Jl. Palad Rawa Kuning,Cakung,Padat/Kumuh
SDN Pulogebang 19 Pt.,Jl. Pendidikan RT009/RW05,Cakung,Padat/Kumuh
SDN Ragunan 04 Pt.,Jl. Warung Jati Barat,Pasar Minggu,Padat/Kumuh
SDN Rambutan 07 Pt.,Jl. H. M. Sabar No. 49,Ciracas,Padat/Kumuh
SDN Rawa Badak Selatan 07 Pg.,Jl. Mundari,K o j a,Padat/Kumuh
SDN Rawa Badak Selatan 08 Pt.,Jl. Mundari,K o j a,Padat/Kumuh
SDN Rawa Badak Selatan 09 Pg.,Jl. Mundari,K o j a,Padat/Kumuh
SDN Rawa Badak Selatan 10 Pt.,Jl. Mundari RT002/RW01,K o j a,Padat/Kumuh
SDN Rawa Badak Selatan 11 Pg.,Jl. Bendungan Melayu,K o j a,Padat/Kumuh
SDN Rawa Badak Utara 04 Pt.,Jl. Alur Laut No. 37,K o j a,Padat/Kumuh
SDN Rawa Badak Utara 05 Pg.,Jl. Rawa Binangun V No. 36,K o j a,Padat/Kumuh
SDN Rawa Badak Utara 07 Pg.,Jl. Rawa Binangun III No. 17A,K o j a,Padat/Kumuh
SDN Rawa Badak Utara 09 Pg.,Jl. Rawa Binangun III No. 17B,K o j a,Padat/Kumuh
SDN Rawa Badak Utara 13 Pg.,Jl. Rawa Badak Barat No. 37,K o j a,Padat/Kumuh
SDN Rawa Badak Utara 16 Pt.,Jl. Rawa Badak Barat No. 37,K o j a,Padat/Kumuh
SDN Rawa Badak Utara 19 Pg.,Jl. Rawa Badak Barat No. 36,K o j a,Padat/Kumuh
SDN Rawa Badak Utara 20 Pt.,Jl. Rawa Badak Barat No. 36,K o j a,Padat/Kumuh
SDN Rawa Badak Utara 21 Pg.,Jl. F Gg. L No. 35,K o j a,Padat/Kumuh
SDN Rawa Badak Utara 22 Pt.,Jl. F Gg. L No. 35,K o j a,Padat/Kumuh
SDN Rawa Badak Utara 23 Pg.,Jl. F Gg. L RT02/RW02 No. 33,K o j a,Padat/Kumuh
SDN Rawa Badak Utara 24 Pt.,Jl. F Gg. L No. 33,K o j a,Padat/Kumuh
SDN Rawa Buaya 07 Pg.,Jl. Bojong Raya RT002/RW04,Cengkareng,Padat/Kumuh
SDN Rawa Bunga 01 Pg.,Jl. Bekasi Timur IX No. 4,Jatinegara,Padat/Kumuh
SDN Rawa Bunga 11 Pg.,Jl. Jatinegara Timur IV,Jatinegara,Padat/Kumuh
SDN Rawa Bunga 12 Pg.,Jl. Jatinegara Timur IV,Jatinegara,Padat/Kumuh
SDN Rawa Bunga 16 Pg.,Jl. Jatinegara Timur IV,Jatinegara,Padat/Kumuh
SDN Rawamangun 05 Pg.,"Jl. H Ten IV No.4 Rawamangun, Jakarta Timur",Pulo Gadung,Padat/Kumuh
SDN Rawamangun 06 Pt.,Jl. Haji Ten IV No. 4,Pulo Gadung,Padat/Kumuh
SDN Rawasari 05 Pg.,Jl. Pramukasari I,Cempaka Putih,Padat/Kumuh
SDN Rawaterate 01 Pg.,Jl. KRT. Wiryodiningrat,Cakung,Padat/Kumuh
SDN Rawaterate 02 Pt.,Jl. KRT. Widyodiningrat,Cakung,Padat/Kumuh
SDN Rawaterate 03 Pt.,Jl. DR. KRT. Widyodiningrat,Cakung,Padat/Kumuh
SDN Semanan 01 Pg.,Jl. Semanan Raya RT006/RW07,Kalideres,Padat/Kumuh
SDN Semanan 04 Pg.,Jl. Kp. Gaga,Kalideres,Padat/Kumuh
SDN Semanan 06 Pg.,Jl. Raya Semanan RT004/RW08,Kalideres,Padat/Kumuh
SDN Semanan 10 Pt.,Jl. Kp. Gaga,Kalideres,Padat/Kumuh
SDN Semanan 11 Pt.,Jl. Kp. Gaga,Kalideres,Padat/Kumuh
SDN Semper Barat 01 Pg.,Jl. Raya Tugu Semper No. 1,Cilincing,Padat/Kumuh
SDN Semper Barat 05 Pg.,Jl. F Kebon Baru No. 27,Cilincing,Padat/Kumuh
SDN Semper Barat 07 Pg.,Jl. Pepaya V No. 20,Cilincing,Padat/Kumuh
SDN Semper Barat 08 Pt.,Jl. Pepaya V No. 20,Cilincing,Padat/Kumuh
SDN Semper Barat 12 Pt.,Jl. Kapuas Raya Rt. 006/ 01,Cilincing,Padat/Kumuh
SDN Serdang 07 Pg.,Jl. Kp. Irian II No. 24,Kemayoran,Padat/Kumuh
SDN Serdang 09 Pg.,"Jl. Kp. Irian II No. 24, Serdang",Kemayoran,Padat/Kumuh
SDN Slipi 11 Pg.,Jl. Z Slipi Dalam RT11/RW02,Palmerah,Padat/Kumuh
SDN Slipi 12 Pg.,Jl. Z Slipi Dalam,Palmerah,Padat/Kumuh
SDN Sukapura 02 Pg.,Jl. Kompi Jenggot No. 28,Cilincing,Padat/Kumuh
SDN Sukapura 03 Pt.,Jl. Kompi Jenggot No. 28,Cilincing,Padat/Kumuh
SDN Sukapura 05 Pg.,"Jl. Tipar RT007/RW04, Cakung",Cilincing,Padat/Kumuh
SDN Sumur Batu 04 Pg.,Jl. Sumur Batu Utara No. 2,Kemayoran,Padat/Kumuh
SDN Sumur Batu 06 Pg.,Jl. Sumur Batu Utara No. 2,Kemayoran,Padat/Kumuh
SDN Sumur Batu 08 Pg.,Jl. Sumur Batu Utara No. 2,Kemayoran,Padat/Kumuh
SDN Sumur Batu 10 Pg.,Jl. Sumur Batu Utara No. 2,Kemayoran,Padat/Kumuh
SDN Sungai Bambu 03 Pg.,Jl. Gadang No. 52,Tanjung Priok,Padat/Kumuh
SDN Sungai Bambu 06 Pt.,Jl. Sungai Bambu III No. 34,Tanjung Priok,Padat/Kumuh
SDN Sunter Agung 01 Pg.,Jl. Ancol Selatan I No. 1,Tanjung Priok,Padat/Kumuh
SDN Sunter Agung 02 Pt.,Jl. Ancol Selatan I No. 1,Tanjung Priok,Padat/Kumuh
SDN Sunter Agung 10 Pt.,Jl. Sunter Permai Raya No. 21,Tanjung Priok,Padat/Kumuh
SDN Sunter Jaya 01 Pg.,Jl. Sunter Jaya IV A,Tanjung Priok,Padat/Kumuh
SDN Sunter Jaya 02 Pt.,Jl. Sunter Jaya IV A,Tanjung Priok,Padat/Kumuh
SDN Sunter Jaya 07 Pg.,Jl. Sunter Jaya VI No. 31,Tanjung Priok,Padat/Kumuh
SDN Sunter Jaya 08 Pt.,Jl. Sunter Jaya VI No. 31,Tanjung Priok,Padat/Kumuh
SDN Susukan 01 Pg.,Jl. Makmur IV,Ciracas,Padat/Kumuh
SDN Susukan 02 Pg.,Jl. Makmur IV RT009/RW02,Ciracas,Padat/Kumuh
SDN Susukan 07 Pg.,Jl. Tanah Merdeka,Ciracas,Padat/Kumuh
SDN Susukan 13 Pt.,Jl. Makmur IV RT009/RW02,Ciracas,Padat/Kumuh
SDN Taman Sari 01 Pg.,Jl. Taman Sari X No. 17A,Taman Sari,Padat/Kumuh
SDN Tambora 02 Pt.,Jl. Perniagaan No. 31,Tambora,Padat/Kumuh
SDN Tanah Sereal 02 Pt.,Jl. Pekapuran Raya No. 66,Tambora,Padat/Kumuh
SDN Tanah Sereal 03 Pg.,Jl. TANAH SEREAL XIII No. 25,Tambora,Padat/Kumuh
SDN Tanah Sereal 04 Pt.,Jl. Tanah Sereal XIII No. 25,Tambora,Padat/Kumuh
SDN Tanah Tinggi 01 Pg.,"Jl. Tanah Tinggi I Gg. II, Johar Baru",Johar Baru,Padat/Kumuh
SDN Tanah Tinggi 02 Pt.,Jl. Tanah Tinggi I Gg. II,Johar Baru,Padat/Kumuh
SDN Tanah Tinggi 03 Pg.,Jl. Tanah Tinggi II No. 8,Johar Baru,Padat/Kumuh
SDN Tanah Tinggi 05 Pg.,Jl. Tanah Tinggi II No. 8,Johar Baru,Padat/Kumuh
SDN Tanah Tinggi 06 Pt.,Jl. Tanah Tinggi II No. 8,Johar Baru,Padat/Kumuh
SDN Tanah Tinggi 07 Pg.,Jl. Tanah Tinggi II No. 8,Johar Baru,Padat/Kumuh
SDN Tanah Tinggi 09 Pg.,Jl. Kramat Pulo Gundul III,Johar Baru,Padat/Kumuh
SDN Tanah Tinggi 11 Pg.,Jl. Tanah Tinggi I Gg. II,Johar Baru,Padat/Kumuh
SDN Tanjung Priok 01 Pg.,Jl. Yos Sudarso Edam II No. 13,Tanjung Priok,Padat/Kumuh
SDN Tanjung Priok 02 Pg.,Jl. RE. Martadinata Gg.Samudera IX,Tanjung Priok,Padat/Kumuh
SDN Tanjung Priok 04 Pg.,Jl. Kp. Bahari Gg. II Ujung,Tanjung Priok,Padat/Kumuh
SDN Tanjung Priok 05 Pt.,Jl. Kp. Bahari Gg. II Ujung,Tanjung Priok,Padat/Kumuh
SDN Tegal Alur 05 Pg.,Jl. Menceng Raya,Kalideres,Padat/Kumuh
SDN Tegal Alur 10 Pg.,Jl. Kapuk Kamal Raya,Kalideres,Padat/Kumuh
SDN Tegal Alur 14 Pt.,Jl. Kapuk Kamal,Kalideres,Padat/Kumuh
SDN Tegal Alur 15 Pg.,Jl. Kayu Besar,Kalideres,Padat/Kumuh
SDN Tegal Alur 16 Pt.,Jl. Pelopor Raya RT011/RW05,Kalideres,Padat/Kumuh
SDN Tegal Alur 20 Pt.,Jl. Kayu Besar RT001/RW02,Kalideres,Padat/Kumuh
SDN Tegal Alur 21 Pt.,Jl. Lingkungan III RT001/RW03,Kalideres,Padat/Kumuh
SDN Tegal Parang 05 Pg.,Jl. Mampang Prapatan VI No. 36,Mampang Prapatan,Padat/Kumuh
SDN Tegal Parang 07 Pg.,Jl. Mampang Prapatan Selatan VI Gg. BBI No. 36,Mampang Prapatan,Padat/Kumuh
SDN Tugu Selatan 01 Pg.,Jl. Balai Rakyat No. 17,K o j a,Padat/Kumuh
SDN Tugu Selatan 03 Pg.,Jl. Balai Rakyat No. 19,K o j a,Padat/Kumuh
SDN Tugu Utara 09 Pg.,"Komp. UKA, Jl. Mahoni Ujung",K o j a,Padat/Kumuh
SDN Tugu Utara 10 Pg.,"Komp. UKA No. 8, Jl. Kramat Jaya",K o j a,Padat/Kumuh
SDN Tugu Utara 11 Pg.,"Komp. UKA, Jl. Kramat Jaya",K o j a,Padat/Kumuh
SDN Tugu Utara 12 Pg.,"Komp. UKA, Jl. Kramat Jaya",K o j a,Padat/Kumuh
SDN Tugu Utara 13 Pg.,Jl. Kramat Jaya Gg. VIII Blok R,K o j a,Padat/Kumuh
SDN Tugu Utara 17 Pg.,Jl. Kramat Jaya Gg. VIII Blok R,K o j a,Padat/Kumuh
SDN Tugu Utara 20 Pt.,Jl. Kramat Jaya Gg. VIII Blok R,K o j a,Padat/Kumuh
SDN Tugu Utara 22 Pg.,"Komp. Deperla, Jl. Kramat Jaya",K o j a,Padat/Kumuh
SDN Utan Kayu Selatan 02 Pt.,Jl. Pandan Raya,Matraman,Padat/Kumuh
SDN Utan Kayu Selatan 09 Pg.,Jl. Skip Ujung,Matraman,Padat/Kumuh
SDN Utan Kayu Selatan 27 Pg.,Jl. Skip Ujung,Matraman,Padat/Kumuh
SDN Utan Kayu Utara 07 Pg.,Jl. Galur Sari,Matraman,Padat/Kumuh
SDN Utan Kayu Utara 11 Pg.,Jl. Balai Rakyat Raya No. 11,Matraman,Padat/Kumuh
SDN Utan Panjang 02 Pt.,Jl. Bendungan Jago,Kemayoran,Padat/Kumuh
SDN Utan Panjang 04 Pt.,Jl. Bendungan Jago,Kemayoran,Padat/Kumuh
SDN Warakas 03 Pg.,Jl. Warakas I Gg. 20,Tanjung Priok,Padat/Kumuh
SDN Warakas 05 Pg.,Jl. Warakas I Gg. 20,Tanjung Priok,Padat/Kumuh
SDN Warakas 06 Pt.,Jl. Warakas I Gg. 20,Tanjung Priok,Padat/Kumuh
SDN Warakas 07 Pg.,Jl. Warakas I Gg. 20,Tanjung Priok,Padat/Kumuh
SDN Warakas 08 Pt.,Jl. Warakas I Gg. 20,Tanjung Priok,Padat/Kumuh
SDS Al Badar,Jl. Menteng Sukabumi IV No. 75,Menteng,Padat/Kumuh
SDS Al Ikhlash,Jl. Dewi Sartika No. 200,Kramat Jati,Padat/Kumuh
SDS Al-Hayati Diniyah,Jl. Masjid Al Muqarrobin,Makasar,Padat/Kumuh
SDS Al-Ikhlas,Jl. IV D.I No. 26,K o j a,Padat/Kumuh
SDS Al-Mukhlisin,Jl. Pedongkelan No. 46,Cengkareng,Padat/Kumuh
SDS Arruhaniyah II,Jl. Papanggo I Blok D No. 59,Tanjung Priok,Padat/Kumuh
SDS As Salam,Jl. Cempaka Wangi III,Kemayoran,Padat/Kumuh
SDS As Shomadiyah,Jl. Daan Mogot Km. 18,Kalideres,Padat/Kumuh
SDS Aulia,Jl. Pasar Timbul,Cengkareng,Padat/Kumuh
SDS Ayah Bunda,Jl. Muara Bahari No. 34,Tanjung Priok,Padat/Kumuh
SDS Az Zahrah,"Jl. Inspeksi Cakung Drain Blok E, Semper Timur",Cilincing,Padat/Kumuh
SDS Baitul Khair,Jl. Kebon Pala I,Jatinegara,Padat/Kumuh
SDS Bhineka Tunggal Ika,Jl. K.H.M. Mansyur No. 222A,Tambora,Padat/Kumuh
SDS Bintang Pancasila,Jl. Muara Baru Ujung,Penjaringan,Padat/Kumuh
SDS Budaya,Jl. Duri Utara III No. 35,Tambora,Padat/Kumuh
SDS Budi Bahasa,Jl. Kali Anyar IV No. 1,Tambora,Padat/Kumuh
SDS Cahaya Islam,Jl. Percetakan Negara I No. L-25,Johar Baru,Padat/Kumuh
SDS DCB Palad,Jl. Bekasi Timur IV No. 15,Jatinegara,Padat/Kumuh
SDS Damai,Jl. Kelapa Dua No. 7,Cilincing,Padat/Kumuh
SDS Darusalam,Jl. Kalibaru Barat RT005/RW010 No. 2,Cilincing,Padat/Kumuh
SDS Daya Putra,Jl. Bahari V No. 56-57,Tanjung Priok,Padat/Kumuh
SDS Dewi Sartika,Jl. Manunggal VII No. 18,Cilincing,Padat/Kumuh
SDS Dian Harapan,Jl. Muara Baru Raya No. 5-7,Penjaringan,Padat/Kumuh
SDS Diniyah Aisiyah,Jl. Menteng Bata No. 37,Setia Budi,Padat/Kumuh
SDS Diniyah Islamiyah,Jl. Warakas I Gg. V No. 2,Tanjung Priok,Padat/Kumuh
SDS Dua Harapan,Jl. Tipar Timur,Cilincing,Padat/Kumuh
SDS Esti Bakti,Jl. Kapuk Raya Gg. Taniwan,Cengkareng,Padat/Kumuh
SDS Fadhilah,Jl. Tungai Tiram,Cilincing,Padat/Kumuh
SDS Galatia 1,Jl. Seni Budaya VI No. 4,Grogol Petamburan,Padat/Kumuh
SDS Gamaliel,Jl. Jembatan Besi II No. 45,Tambora,Padat/Kumuh
SDS Garuda,Jl. Duri Utara I No. 1,Tambora,Padat/Kumuh
SDS Harapan,Jl. KS. Tubun I/3,Palmerah,Padat/Kumuh
SDS Islam Al-Huriyyah,Jl. Kebon Jahe No. 65,Cengkareng,Padat/Kumuh
SDS Islam Assa'adah,Jl. Tanjung Lengkong No. 21,Jatinegara,Padat/Kumuh
SDS Islam Bahagia,Jl. Kali Anyar Raya No. 18,Tambora,Padat/Kumuh
SDS Islam Terpadu Yasiru,Jl. Pahlawan 3 No. 46,Kebon Jeruk,Padat/Kumuh
SDS Kalam Kudus,Jl. Tangki Lio Timur No. 48-49,Taman Sari,Padat/Kumuh
SDS Kali Baru,Jl. Kali Anyar V No. 18,Tambora,Padat/Kumuh
SDS Kampung Sawah,Jl. Raya Cakung Cilincing,Cilincing,Padat/Kumuh
SDS Kasih Imanuel,Jl. Kampung Sawah,Cilincing,Padat/Kumuh
SDS Kemuliaan Bunda,Jl. Terate Raya No. 43,Tambora,Padat/Kumuh
SDS Kristen Nazarene,Jl. Karang Ayar Utara No. 4,Sawah Besar,Padat/Kumuh
SDS Lagoa (YPUL),Jl. Lagoa Gg. III,K o j a,Padat/Kumuh
SDS Lembaga Putra Kita,Jl. Sukabumi III No. 2,Menteng,Padat/Kumuh
SDS Merdekasari,Jl. Kapuk Kebun Jahe,Cengkareng,Padat/Kumuh
SDS Muhamadiyah 18,Jl. Kalibaru Barat,Cilincing,Padat/Kumuh
SDS Muhammadiyah 16,Jl. Bukit Duri Tanjakan No. 10,T e b e t,Padat/Kumuh
SDS Muhammadiyah 21,Jl. Gunung Sahari XI No. 19,Sawah Besar,Padat/Kumuh
SDS Muhammadiyah 26,"Tanah Sereal X No. 8, Nusa Damai IV",Tambora,Padat/Kumuh
SDS Muslimin,Jl. Kramat Raya No. 11,S e n e n,Padat/Kumuh
SDS Mustika,Jl. Bekasi Timur Km. 15,Pulo Gadung,Padat/Kumuh
SDS Nirwana,Jl. Jati Bundar VII No. 181,Tanah Abang,Padat/Kumuh
SDS Nurul Farhah,"Jl. Raya Logistik, Kp. Batu Tumbuh",K o j a,Padat/Kumuh
SDS Nurul Yaqin,Jl. Budi Mulia No. 60,Pademangan,Padat/Kumuh
SDS Nurul Yaqin,Jl. Bekasi Timur IV Dalam,Jatinegara,Padat/Kumuh
SDS P U I,Jl. Galur Jaya No. 16,Johar Baru,Padat/Kumuh
SDS Panca Bhakti,Jl. Kerja Bakti No. 30,Makasar,Padat/Kumuh
SDS Pelita,Jl. Pos Duri Raya No. 23/29,Tambora,Padat/Kumuh
SDS Pelita Abadi,Jl. Kapuk Raya,Cengkareng,Padat/Kumuh
SDS Permata Indah,"TPI 2, Jl. Kp. Gusti TPI Blok A No. 1",Penjaringan,Padat/Kumuh
SDS Remaja,Jl. Budi Jaya I,Tanjung Priok,Padat/Kumuh
SDS Sari Putra,Jl. Pada Mulya III No. 35,Tambora,Padat/Kumuh
SDS Setia Bhakti,"Jl. A Gg. I No. 4-5, Karang Anyar",Sawah Besar,Padat/Kumuh
SDS Sinar Solor,Jl. Muara Bahari,Tanjung Priok,Padat/Kumuh
SDS Suka Mulia,Jl. Suka Mulia VII RT005/RW01,Kemayoran,Padat/Kumuh
SDS Taman Islam,Jl. Kp. Duri Gg. Q2,Tambora,Padat/Kumuh
SDS Taman Pusaka,Jl. Gembira II No. 55,Tanjung Priok,Padat/Kumuh
SDS Taman Siswa,Jl. Matraman Dalam II No. 13,Menteng,Padat/Kumuh
SDS Taruna Bangsa,"PIK Kopti, Jl. Windu Gutomo Blok IV No. 2",Kalideres,Padat/Kumuh
SDS Teladan YKPI Pg.,Jl. Angke Jaya No. 10,Tambora,Padat/Kumuh
SDS Teladan YKPI Pt.,Jl. Angke Jaya No. 10,Tambora,Padat/Kumuh
SDS Tridarma Budhidaya,Jl. Bidara No. 36,Penjaringan,Padat/Kumuh
SDS Wawasan Nusantara,Jl. Kapuk Pulo Indah No. 8,Cengkareng,Padat/Kumuh
SDS Widuri Indah III,Jl. Tamansari Raya No. 75C-G,Taman Sari,Padat/Kumuh
SDS YPBK,Jl. Kb. Jeruk Timur,Jatinegara,Padat/Kumuh
SDS YWKA I,Jl. Menara Air,T e b e t,Padat/Kumuh
SDS Yappenda,Jl. Swasembada Timur VI No. 15,Tanjung Priok,Padat/Kumuh
SDS Yaspi,Komp. Kebersihan DKI,Cilincing,Padat/Kumuh