nama_sekolah,alamat,akreditasi
SD Bina Tunas Bangsa,Jl. Pluit Timur Blok MM,A
SD Gemala Ananda,Jl. Lebak Bulus III No. 93G,A
SD IT Daarun Na'iim,Jl. Semanan Raya No. 27,A
SD Kristen Calvin Jakarta,Komp. Kemayoran Blok B-14 No. 1,A
SD Kristen Kasih Karunia,Taman Palem Lestari Blok F-6 No. 21-23,A
SD Kristen Penabur,Boulevard Bukit Gading Raya Blok A5-A8,A
SD Marie Joseph,"Puspa Gading I Blok H-2 No. 4-6-8-10, Jakarta Utara",A
SD NATIONALHIGH JAKARTA SCHOOL,Jl. Raya Pos Pengumben No. 41,A
SD Singapore School Kelapa Gading,Jl. Pegangsaan Dua No. 83,A
SDI Al Achfas Dwi Matra,Jl. Jaha No. 30B,A
SDI Al Azkar,Jl. Karang Tengah Raya 30A,A
SDI Al Barkah,Jl. Karang Tengah Raya No. 10,A
SDI Al Hasaniah,Jl. Margasatwa,A
SDI Al-Amjad,Jl. Damai V No. 14,A
SDI Al-Hikmah,Jl. Kemajuan No. 48-55,A
SDI An Nizomiyah,Jl. Masjid Al Fajri No. 16A,A
SDI Annajah,Jl. Ciledug Raya No. 10,A
SDI Darul Muttaqin,Jl. H. Gaim No. 126 RT10/RW02,A
SDI Darunnajah Ulujami,Jl. Ulujami Raya No. 86,A
SDI Dwi Matra,Jl. MPR III No. 30A,A
SDI Islam Al Ikhlas,Jl. Cipete III No. 3,A
SDI Manaratul Islam,Jl. Madrasah No. 12,A
SDI Manba'ul Hikmah,"Jl. Tipar No. 2, Cakung",A
SDI Plus Al-Islam,Jl. Aselih,A
SDI Plus Darul Musthofa,Jl. Sabar I No. 27,A
SDI Terpadu A BA TA,Jl. Srengseng Raya No. 45,A
SDIT Al Biruni,Jl. Raya Lenteng Agung No. 43,A
SDIT Al Halimiyah,Jl. Robusta Raya No. 31,A
SDIT Al Muhajirin,Jl. Badak Laut No. 20-21,A
SDIT Al-Hikmah,Jl. Al-Barkah I No. 56A,A
SDIT Al-Iman,Jl. Cipinang Elok II,A
SDIT Al-Mughni,Jl. Gatot Subroto Kav. 26,A
SDIT Buah Hati,Jl. H. Baing No. 99 RT11/RW04,A
SDIT Insan Mandiri,Jl. Batu Merah No. 71,A
SDK IPEKA Integrated Christian School (IICS),Jl. Komp. Taman Meruya Ilir Blok K,A
SDK Pelita Anugerah,Jl. Menceng Raya Blok E-3 No. 12-13,A
SDN Ancol 01 Pg.,Jl. Parang Tritis VI No. 2,A
SDN Ancol 03 Pg.,Jl. Kampung Muka No. 419,A
SDN Angke 01 Pg.,Jl. Angke Indah Gg. V,A
SDN Angke 03 Pg.,Jl. Angke Indah Gg. VII,A
SDN Balimester 01 Pg.,Jl. Matraman Raya No. 226,A
SDN Bambu Apus 01 Pg.,Jl. Bambu Apus Raya,A
SDN Bambu Apus 03 Pg.,Jl. Bambu Hijau,A
SDN Bangka 01 Pg.,Jl. Kemang Timur XVIII No. 39,A
SDN Bangka 03 Pg.,Jl. Kemang Timur XI,A
SDN Bangka 05 Pg.,Jl. Kemang Selatan I,A
SDN Bangka 06 Pg.,Jl. Kemang Selatan I,A
SDN Bangka 07 Pg.,Jl. Kemang Timur XI,A
SDN Baru 01 Pg.,Jl. R.A. Fadillah,A
SDN Baru 02 Pg.,"Jl. R.A. Fadillah, Cijantung III",A
SDN Baru 03 Pg.,Jl. Gotong Royong,A
SDN Baru 05 Pg.,Jl. Puskesmas No. 34,A
SDN Baru 06 Pg.,Jl. Puskesmas,A
SDN Baru 07 Pg.,Jl. RA. Fadillah Cijantung III,A
SDN Baru 08 Pg.,Jl. Sawo,A
SDN Batu Ampar 01 Pg.,Jl. Raya Bogor,A
SDN Batu Ampar 03 Pg.,Jl. Batu Ampar III,A
SDN Batu Ampar 06 Pg.,Jl. Batu Jamrut,A
SDN Batu Ampar 08 Pg.,Jl. Damai No. 60 RT007/RW03,A
SDN Batu Ampar 09 Pg.,Jl. Damai No. 60 RT007/RW03,A
SDN Batu Ampar 11 Pg.,Jl. Batu Ampar II No. 88,A
SDN Batu Ampar 12 Pg.,Jl. Batu Ampar III,A
SDN Batu Ampar 13 Pg.,Jl. Masjid Condet,A
SDN Bendungan Hilir 05 Pg.,Jl. Danau Limboto No. 9,A
SDN Bendungan Hilir 09 Pg.,Jl. Danau Tondano No. 10,A
SDN Bendungan Hilir 12 Pg.,Jl. Taman Bend. Jati Luhur,A
SDN Bidaracina 01 Pg.,Jl. Sensus Raya II No. 02,A
SDN Bidaracina 03 Pg.,Jl. Setia No. 10,A
SDN Bidaracina 05 Pg.,Jl. Tanjung Lengkong No. 51,A
SDN Bintaro 01 Pg.,Jl. Bintaro Permai III,A
SDN Bintaro 03 Pg.,Jl. Rawapapan,A
SDN Bintaro 04 Pg.,Jl. Rawapapan,A
SDN Bintaro 06 Pt.,Jl. Bintaro Permai III,A
SDN Bintaro 11 Pg.,Jl. Bintaro Permai III,A
SDN Bintaro 13 Pg.,Jl. Kesehatan VI,A
SDN Bukit Duri 01 Pg.,Jl. Bukit Duri Tanjakan,A
SDN Bukit Duri 03 Pg.,Jl. Peruk No. 32,A
SDN Bukit Duri 05 Pg.,Jl. Peruk Bukit Duri No. 32,A
SDN Bukit Duri 11 Pg.,Jl. Bukit Duri Tanjakan,A
SDN Bungur 01 Pg.,Jl. Angsana No. 4,A
SDN Bungur 03 Pg.,Jl. Angsana No. 4,A
SDN Cakung Barat 01 Pg.,Jl. Raya Bekasi Km. 23,A
SDN Cakung Barat 02 Pg.,Jl. Raya Bekasi Km. 23,A
SDN Cakung Barat 03 Pg.,Jl. Raya Bekasi Km. 23,A
SDN Cakung Barat 04 Pg.,"Jl. Tipar, Cakung",A
SDN Cakung Barat 05 Pg.,Jl. Raya Bekasi Km. 23,A
SDN Cakung Barat 12 Pt.,Jl. Raya Bekasi Km. 23,A
SDN Cakung Barat 13 Pg.,Jl. Raya Bekasi Km. 23,A
SDN Cakung Barat 18 Pt.,Jl. Raya Bks Km. 23,A
SDN Cakung Timur 02 Pg.,Jl. Tambun Rengas RT02/RW07,A
SDN Cakung Timur 03 Pg.,Jl. Kayu Tinggi,A
SDN Cakung Timur 04 Pg.,Jl. Kayu Tinggi,A
SDN Cakung Timur 06 Pg.,Jl. Kayu Tinggi,A
SDN Cakung Timur 09 Pg.,Jl. Kayu Tinggi,A
SDN Cakung Timur 10 Pg.,Jl. Kayu Tinggi,A
SDN Cawang 01 Pg.,Jl. Dewi Sartika No. 200,A
SDN Cawang 03 Pg.,Jl. Taman Harapan,A
SDN Cawang 09 Pg.,Jl. Mesjid Bendungan III,A
SDN Cawang 10 Pg.,Jl. Mesjid Bendungan III,A
SDN Cawang 13 Pg.,Jl. Ja'ani Nasir,A
SDN Cawang 14 Pg.,Jl. Jaani Nasir,A
SDN Ceger 01 Pg.,Jl. SMP 222,A
SDN Ceger 02 Pg.,Jl. Masjid No. 10,A
SDN Cempaka Baru 01 Pg.,Jl. Cempaka Baru VII No. 45,A
SDN Cempaka Baru 02 Pg.,Jl. Cempaka Baru VII No. 45,A
SDN Cempaka Baru 06 Pt.,Jl. Sumur Batu Raya No. 4,A
SDN Cempaka Baru 09 Pg.,"Komp. Listrik, Jl. F No. 3",A
SDN Cempaka Baru 11 Pg.,Jl. Remaja II,A
SDN Cempaka Baru 13 Pg.,Jl. Remaja II No. 57,A
SDN Cempaka Putih Barat 01 Pg,Jl. Cempaka Putih Barat II Blok G,A
SDN Cempaka Putih Barat 03 Pg,Jl. Pangkalan Asem No. 14,A
SDN Cempaka Putih Barat 04 Pg.,Jl. Pangkalan Asem No. 14,A
SDN Cempaka Putih Barat 05 Pg.,Jl. Cempaka III No. 44,A
SDN Cempaka Putih Barat 09 Pg.,Jl. Percetakan Negara Raya No. 16,A
SDN Cempaka Putih Barat 11 Pg.,Jl. Cempaka Putih Barat II Blok G No. 07,A
SDN Cempaka Putih Barat 13 Pg.,Jl. Cempaka Putih Barat II Blok G,A
SDN Cempaka Putih Barat 15 Pg.,Jl. Cempaka Putih Barat XIX,A
SDN Cempaka Putih Barat 16 Pg.,Jl. Cempaka Putih Barat XIX,A
SDN Cempaka Putih Barat 20 Pg.,Jl. Pangkalan Asem Gg. II,A
SDN Cempaka Putih Barat 26 Pt.,Jl. Pangkalan Asem,A
SDN Cempaka Putih Timur 05 Pg.,Jl. Rawasari Barat I No. 1,A
SDN Cengkareng Barat 01 Pg.,Jl. Utama Raya No. 41,A
SDN Cengkareng Barat 02 Pt.,Jl. Utama Raya No. 41,A
SDN Cengkareng Barat 03 Pg.,Jl. Utama Raya No. 41,A
SDN Cengkareng Barat 05 Pg.,Jl. Utama Raya No. 41,A
SDN Cengkareng Barat 09 Pg.,Jl. Bambu Larangan RT003/RW05,A
SDN Cengkareng Barat 12 Pg.,Jl. Utama Raya No. 41,A
SDN Cengkareng Barat 13 Pg.,Jl. Jaya No. 25,A
SDN Cengkareng Barat 15 Pg.,Jl. Flamboyan Jaya VIII RT002/RW010,A
SDN Cengkareng Barat 16 Pg.,Jl. Flamboyan VI No. 2,A
SDN Cengkareng Barat 17 Pt.,Jl. Flamboyan VI,A
SDN Cengkareng Barat 18 Pg.,Jl. Cenderawasih X No. 7,A
SDN Cengkareng Barat 19 Pg.,Jl. Rawa Bengkel RT04/RW07,A
SDN Cengkareng Barat 20 Pt.,Jl. Jaya VIII,A
SDN Cengkareng Timur 01 Pg.,Jl. Daan Mogot Km. 14,A
SDN Cengkareng Timur 09 Pg.,Jl. Fajar Baru Utara No. 41,A
SDN Cengkareng Timur 11 Pt.,Jl. Fajar Baru Selatan,A
SDN Cengkareng Timur 14 Pg.,Jl. Bangun Nusa Raya,A
SDN Cengkareng Timur 15 Pg.,Jl . Bangun Nusa Raya,A
SDN Cengkareng Timur 17 Pg.,Jl. Angsana Raya No. 46 RT07/RW12,A
SDN Cengkareng Timur 18 Pg.,Jl. Angsana Raya,A
SDN Cengkareng Timur 19 Pt.,Jl. Angsana Raya,A
SDN Cengkareng Timur 21 Pg.,"Jl. Outer Ring Road Kayu Besar, Cengkareng Timur",A
SDN Cibubur 01 Pg.,Jl. Masjid Fathul Gofur,A
SDN Cibubur 02 Pg.,Jl. Masjid Fathul Gofur RT002/RW04,A
SDN Cibubur 03 Pg.,Jl. Cibubur I,A
SDN Cibubur 04 Pg.,Jl. Cibubur I,A
SDN Cibubur 05 Pg.,Jl. Taruna Jaya Cibubur,A
SDN Cibubur 06 Pt.,Jl. Cibubur I,A
SDN Cibubur 09 Pg.,Jl. Bulak Ringin,A
SDN Cibubur 10 Pg.,Jl. Bulak Ringin No. 1A RT06/RW03,A
SDN Cibubur 11 Pg.,Jl. Cibubur I,A
SDN Cibubur 12 Pt.,Jl. Bulak Ringin,A
SDN Cibubur 13 Pt.,Jl. Bulak Ringin,A
SDN Cideng 02 Pg.,Jl. Lematang No. 2,A
SDN Cideng 06 Pt.,Jl. Cimalaya No. 1,A
SDN Cideng 13 Pg.,Jl. Cilamaya No. 1,A
SDN Ciganjur 02 Pg.,Jl. Warung Sila RT005/RW04,A
SDN Ciganjur 04 Pg.,Jl. H. Montong No. 53,A
SDN Ciganjur 05 Pg.,Jl. H. Montong No. 53 RT005/RW02,A
SDN Cijantung 02 Pg.,Jl. Pertengahan Gg. Kramat I,A
SDN Cijantung 03 Pg.,Jl. R.A. Fadillah No. 1,A
SDN Cijantung 05 Pg.,Jl. Pertengahan No. 4,A
SDN Cijantung 07 Pg.,Jl. Gongseng Raya,A
SDN Cijantung 08 Pg.,Jl. Pertengahan,A
SDN Cikini 01 Pg.,Jl. Cidurian No. 2A,A
SDN Cikoko 01 Pg.,Jl. Cikoko Barat IV No. 19,A
SDN Cikoko 03 Pg.,Jl. Cikoko Raya,A
SDN Cikoko 04 Pg.,"Jl. B, Cikoko",A
SDN Cilandak Barat 01 Pg.,Jl. BDN I No. 72,A
SDN Cilandak Barat 03 Pg.,"Komp. MPR, Jl. Tanjung",A
SDN Cilandak Barat 04 Pg.,Jl. BNI 46 No. 35,A
SDN Cilandak Barat 06 Pg.,Jl. BDN I No. 72,A
SDN Cilandak Barat 07 Pg.,Jl. Caringin Timur No. 40,A
SDN Cilandak Barat 08 Pg.,Jl. Tmn Wijaya Kusuma V,A
SDN Cilandak Barat 14 Pg.,"Komp. MPR, Jl. Tanjung",A
SDN Cilandak Barat 15 Pg.,Jl. Pangeran Antasari No. 56,A
SDN Cilandak Barat 17 Pg.,Jl. R.A. Kartini Gg. Ampera,A
SDN Cilandak Barat 19 Pg.,Jl. Intan Ujung No. 19 RT002/RW02,A
SDN Cilandak Timur 01 Pg.,Jl. Cilandak KKO,A
SDN Cilandak Timur 02 Pt.,Jl. Cilandak KKO,A
SDN Cilandak Timur 03 Pg.,Jl. Memed Raya,A
SDN Cilandak Timur 07 Pg.,Jl. Jeruk Purut,A
SDN Cilangkap 04 Pg.,Jl. Raya Munjul,A
SDN Cililitan 01 Pg.,Jl. Kumbang No. 57,A
SDN Cililitan 02 Pg.,Jl. Raya Condet Gg. Anggrek,A
SDN Cililitan 04 Pg.,Jl. Gg. Anggrek,A
SDN Cilincing 01 Pg.,Jl. Bhakti IX No. 63,A
SDN Cilincing 02 Pg.,Jl. Bhakti VI,A
SDN Cilincing 06 Pg.,Jl. Sungai Landak No. 37,A
SDN Cilincing 07 Pg.,Jl. Bulak Cabe,A
SDN Cilincing 08 Pg.,Jl. Pedongkelan RT001/RW06,A
SDN Cilincing 09 Pg.,Jl. Bhakti VIII No. 12,A
SDN Cipayung 01 Pg.,Jl. Komp. Perwira TNI AD,A
SDN Cipayung 02 Pg.,Jl. Komp. Perwira TNI AD,A
SDN Cipayung 03 Pg.,Jl. Pelatnas PBSI,A
SDN Cipayung 04 Pg.,Jl. SMAN 64,A
SDN Cipayung 05 Pg.,Jl. Bambu Petung,A
SDN Cipayung 07 Pt.,Jl. Bambu Petung,A
SDN Cipayung 08 Pt.,Jl. Komp. Perwira TNI AD,A
SDN Cipedak 01 Pg.,Jl. R.M. Moh. Khahfi I,A
SDN Cipedak 03 Pg.,Jl. Timbul,A
SDN Cipedak 04 Pg.,Jl. Timbul,A
SDN Cipedak 05 Pg.,Jl. RM. Kahfi I Cipedak Gg. Swadaya,A
SDN Cipedak 06 Pg.,Jl. Swadaya RT001/RW02,A
SDN Cipete Selatan 01 Pg.,Jl. Asem II,A
SDN Cipete Selatan 03 Pg.,"Komp. BRI, Jl. Anggur II",A
SDN Cipete Selatan 05 Pg.,Jl. Mawar,A
SDN Cipete Selatan 08 Pt.,"Komp. BRI, Jl. Anggur II",A
SDN Cipete Utara 03 Pg.,Jl. RS. Fatmawati,A
SDN Cipete Utara 05 Pg.,Jl. K. H. Naim III,A
SDN Cipete Utara 07 Pg.,Jl. KH. Naim III,A
SDN Cipete Utara 09 Pg.,Jl. Kirai Ujung No. 1,A
SDN Cipete Utara 10 Pg.,Jl. Kirai Ujung No. 1,A
SDN Cipete Utara 11 Pg.,Jl. Kirai Ujung,A
SDN Cipete Utara 12 Pg.,Jl. Kirai Ujung No. 1,A
SDN Cipete Utara 13 Pg.,Jl. K. H. Moch. Naim III No. 29,A
SDN Cipete Utara 14 Pg.,Jl. K. H. Moch. Naim III No. 29,A
SDN Cipete Utara 15 Pg.,Jl. Sawo III No. 8,A
SDN Cipete Utara 16 Pg.,Jl. Sawo III No. 8,A
SDN Cipinang 01 Pg.,Jl. Bunyu Komp. Pertamina,A
SDN Cipinang 03 Pg.,Jl. Cipinang Timur III No. 3,A
SDN Cipinang 05 Pg.,Jl. Raya Bekasi Timur,A
SDN Cipinang Besar Selatan 03 Pg.,Jl. Cipinang Jaya II No. 1,A
SDN Cipinang Besar Selatan 15 Pg.,Jl. Cipinang Jaya Gg. Ujung No. 15,A
SDN Cipinang Besar Selatan 16 Pg.,Jl. Pancawarga IV No. 8,A
SDN Cipinang Besar Selatan 17 Pg.,Jl. Pancawarga IV No. Gg. VIII,A
SDN Cipinang Besar Selatan 20 Pg.,Jl. Pancawarga I Gg. 16,A
SDN Cipinang Besar Utara 03 Pg.,Jl. Bekasi Timur IV No. 1,A
SDN Cipinang Besar Utara 05 Pg.,Jl. Cipinang Latihan RT03/RW10,A
SDN Cipinang Besar Utara 09 Pg.,Jl. Cipinang Latihan No. 6,A
SDN Cipinang Cempedak 01 Pg.,Jl. Otista III,A
SDN Cipinang Cempedak 02 Pg.,Jl. Otista III,A
SDN Cipinang Cempedak 06 Pg.,"Kavling, Jl. Bhineka IV Cawang",A
SDN Cipinang Cempedak 08 Pt.,Jl. Pedati Dalam,A
SDN Cipinang Cempedak 09 Pg.,Jl. SD Inpres No. 2,A
SDN Cipinang Melayu 03 Pg.,"KPAD Kodam, Jl. Kartika Eka Paksi, Jatiwaringin",A
SDN Cipinang Melayu 04 Pg.,Jl. Kartika Eka Paksi,A
SDN Cipinang Melayu 07 Pg.,Jl. Inspeksi Tarum Barat No. 112,A
SDN Cipinang Melayu 08 Pg.,Jl. Inspeksi Tarum Barat No. 113,A
SDN Cipinang Melayu 09 Pg.,"Komp. Auri Curug Indah, Jl. Elang Thainesia",A
SDN Cipinang Melayu 10 Pg.,Jl. Elang Thainesia,A
SDN Cipinang Melayu 12 Pt.,Jl. Kartika Eka Paksi,A
SDN Cipinang Muara 01 Pg.,Jl. Cipinang Lontar Indah No. 38,A
SDN Cipinang Muara 02 Pg.,Jl. Raya Cipinang Muara,A
SDN Cipinang Muara 05 Pg.,"Komp. PWI, Jl. Buletin",A
SDN Cipinang Muara 06 Pg.,Jl. Komp. Cipinang Elok I/II,A
SDN Cipinang Muara 07 Pg.,Jl. Komp. Cipinang Elok II Blok AV,A
SDN Cipinang Muara 12 Pg.,Jl. Cipinang Lontar Indah No. 38,A
SDN Cipinang Muara 14 Pg.,Jl. Cipinang Muara III,A
SDN Cipinang Muara 15 Pg.,Jl. Cipinang Muara III,A
SDN Cipinang Muara 17 Pg.,Jl. Cipinang Muara III,A
SDN Cipinang Muara 18 Pg.,Jl. D. Komp. Cipinang Indah,A
SDN Cipinang Muara 19 Pg.,Jl. Cipinang Indah Raya 51,A
SDN Cipulir 01 Pg.,Jl. Cipulir VI No. 1,A
SDN Cipulir 02 Pt.,Jl. Cipulir VI,A
SDN Cipulir 03 Pg.,Jl. Ciledug Raya 56,A
SDN Cipulir 04 Pt.,Jl. Ciledug Raya,A
SDN Cipulir 05 Pg.,"Jl. Cipulir I No. 31, Cipulir",A
SDN Cipulir 07 Pg.,Jl. Kb. Mangga I RT012/RW03,A
SDN Cipulir 11 Pg.,Jl. Samudra I,A
SDN Ciracas 01 Pg.,Jl. Raya Bogor Km. 25,A
SDN Ciracas 02 Pt.,Jl. Raya Bogor Km. 25,A
SDN Ciracas 03 Pg.,Jl. Centex RT003/RW03,A
SDN Ciracas 04 Pg.,Jl. Raya Centex No. 1,A
SDN Ciracas 05 Pg.,Jl. H. Hanafi No. 35,A
SDN Ciracas 06 Pg.,Jl. H. Hanafi No. 36,A
SDN Ciracas 07 Pg.,Jl. Raya Centex Gg. Kramat,A
SDN Ciracas 08 Pg.,Jl. Centex Gg. Kramat,A
SDN Ciracas 10 Pg.,Jl. Raya Ciracas,A
SDN Ciracas 11 Pg.,Jl. Pengantin Ali No. 40,A
SDN Ciracas 12 Pt.,Jl. Raya Ciracas,A
SDN Ciracas 13 Pg.,Jl. Poncol Gg. Asem No. 3,A
SDN Ciracas 14 Pg.,Jl. Poncol Gg. Asem,A
SDN Ciracas 15 Pg.,Jl. Pengantin Ali No. 40,A
SDN Ciracas 16 Pt.,Jl. Raya Poncol Gg. Asem,A
SDN Ciracas 17 Pt.,Jl. Poncol Gg. Asem No. 3,A
SDN Dukuh 01 Pg.,Jl. Raya Pondok Gede,A
SDN Dukuh 04 Pg.,Jl. Dukuh V,A
SDN Dukuh 05 Pg.,Jl. Dukuh V RT008/RW04,A
SDN Dukuh 09 Pg.,Komp. BHP RT005/RW06,A
SDN Duren Sawit 01 Pg.,Jl. Kelurahan I,A
SDN Duren Sawit 02 Pg.,Jl. Lingkar Timur,A
SDN Duren Sawit 03 Pg.,Jl. Kelurahan I,A
SDN Duren Sawit 06 Pg.,Jl. Bulu Perindu Raya No. 1,A
SDN Duren Sawit 07 Pg.,Jl. Kav. Agraria,A
SDN Duren Sawit 08 Pg.,Jl. Inspeksi Saluran No. 39A,A
SDN Duren Sawit 13 Pg.,Jl. Lapangan Statistik,A
SDN Duren Sawit 17 Pg.,Jl. Masjid Al Fallah,A
SDN Duren Sawit 18 Pg.,Jl. Lingkar Duren Sawit Timur,A
SDN Duren Tiga 01 Pg.,Jl. Raya Pasar Minggu No. 100,A
SDN Duren Tiga 05 Pg.,"PLN, Jl. Guru Alip",A
SDN Duren Tiga 09 Pg.,Jl. TMT Kalibata,A
SDN Duren Tiga 13 Pg.,Jl. K. H. Ismail No. 121,A
SDN Duri Kepa 01 Pg.,Jl. Raya Duri Kepa,A
SDN Duri Kepa 04 Pt.,Jl. Mangga Raya RT02/RW03,A
SDN Duri Kepa 05 Pg.,Jl. Mangga XIV RT06/RW04,A
SDN Duri Kepa 06 Pg.,Jl. Mangga XIV,A
SDN Duri Kepa 07 Pg.,Jl. Ratu Alamanda,A
SDN Duri Kepa 08 Pg.,Jl. Ratu Alamanda,A
SDN Duri Kepa 10 Pg.,Jl. Raya Duri Kepa RT01/RW02,A
SDN Duri Kepa 11 Pg.,Jl. Raya Duri Kepa,A
SDN Duri Kepa 16 Pg.,Komp. Green Ville Maesionet RT01/RW09,A
SDN Duri Kosambi 01 Pg.,Jl. KH. Abd. Hamid RT03/RW03,A
SDN Duri Kosambi 02 Pg.,Jl. Raya Duri Kosambi No.21,A
SDN Duri Kosambi 05 Pt.,Jl. Raya Duri Kosambi,A
SDN Duri Kosambi 06 Pg.,Jl. Pondok Randu Raya,A
SDN Duri Kosambi 09 Pg.,Jl. Duri Kosambi Raya Komp. Interkota No. 1,A
SDN Duri Kosambi 10 Pg.,Jl. Duri Kosambi Raya Komp. Interkota No. 1,A
SDN Duri Pulo 02 Pg.,Jl. Setiakawan III No. 25,A
SDN Duri Pulo 03 Pg.,Jl. Setiakawan III No. 25,A
SDN Duri Pulo 07 Pg.,Jl. KH. Zainul Arifin No. 71,A
SDN Duri Pulo 10 Pg.,Jl. Setiakawan III No. 25,A
SDN Duri Utara 01 Pg.,Jl. Duri Utara I No. 1,A
SDN Duri Utara 02 Pt.,Jl. Duri Utara I No. 1,A
SDN Duri Utara 05 Pg.,Jl. Duri Utara I No. 1,A
SDN Galur 01 Pg.,Jl. Kampung Rawa Tengah,A
SDN Galur 03 Pg.,Jl. Kampung Rawa Tengah,A
SDN Gandaria Selatan 02 Pt.,Jl. Teladan No. 3,A
SDN Gandaria Selatan 03 Pg.,Jl. Madrasah No. 45,A
SDN Gandaria Selatan 04 Pg.,"Jl. Madrasah No. 45, Gandaria Selatan",A
SDN Gandaria Utara 01 Pg.,Jl. Gotong Royong II,A
SDN Gandaria Utara 07 Pg.,Jl. Hidup Baru IV,A
SDN Gandaria Utara 08 Pg.,Jl. Kamboja No. 4,A
SDN Gedong 01 Pg.,Jl. Trikora No. 67,A
SDN Gedong 03 Pg.,Jl. Raya Condet,A
SDN Gedong 05 Pg.,Jl. Surilang No. 8,A
SDN Gedong 07 Pg.,Jl. Surilang No. 9,A
SDN Gedong 08 Pg.,Jl. Trikora No. 74,A
SDN Gedong 10 Pg.,Jl. Taiman Barat II No. 8,A
SDN Gedong 11 Pg.,Jl. H. Taiman Barat II,A
SDN Gedong 12 Pg.,Jl. Raya Condet,A
SDN Gondangdia 03 Pg.,Jl. Probolinggo No. 20,A
SDN Grogol 01 Pg.,Jl. Dr. Semeru Raya VII Blok J,A
SDN Grogol 05 Pg.,Jl. Dr. Semeru Raya No. 1,A
SDN Grogol 07 Pg.,Jl. Dr. Semeru Raya No. 1,A
SDN Grogol 09 Pg.,Jl. Dr. Semeru Raya No. 1,A
SDN Grogol 11 Pg.,Jl. Rawa Bahagia I No. 30,A
SDN Grogol Selatan 01 Pg.,Jl. Raya Kebayoran Lama,A
SDN Grogol Selatan 03 Pg.,Jl. Raya Kebayoran Lama,A
SDN Grogol Selatan 05 Pg.,Jl. Kubur Islam,A
SDN Grogol Selatan 07 Pg.,Jl. Kubur Islam,A
SDN Grogol Selatan 08 Pg.,Jl. Mesjid An Nur III,A
SDN Grogol Selatan 09 Pg.,"Jl. Panjang No. 99B, Cidodol",A
SDN Grogol Selatan 12 Pt.,Jl. Mesjid An Nur,A
SDN Grogol Selatan 13 Pg.,Jl. Komp. Hamkan Cidodol,A
SDN Grogol Selatan 14 Pg.,Jl. Komp. Hamkan Cidodol,A
SDN Grogol Selatan 15 Pt.,"Jl. Panjang, Cidodol",A
SDN Grogol Selatan 17 Pg.,Jl. Mesjid Cidodol,A
SDN Grogol Selatan 18 Pg.,Jl. Masjid Cidodol,A
SDN Grogol Utara 01 Pg.,Jl. Patal Senayan No. 49,A
SDN Grogol Utara 03 Pg.,Jl. Kby. Lama Pos Pengumben,A
SDN Grogol Utara 12 Pg.,"Jl. Raya Kebayoran Lama, Pos Pengumben",A
SDN Grogol Utara 13 Pg.,Jl. Kemandoran VIII,A
SDN Grogol Utara 16 Pg.,Jl. Kemandoran I No. 65,A
SDN Grogol Utara 17 Pg.,Jl. Kemandoran I No. 65,A
SDN Guntur 03 Pg.,Jl. Halimun No. 2B,A
SDN Gunung 01 Pg.,Jl. Bumi No. 19,A
SDN Gunung 02 Pt.,Jl. Bumi No. 19,A
SDN Gunung 03 Pg.,Jl. Bumi No. 19 Blok E,A
SDN Gunung 04 Pt.,Jl. Bumi No. 19 Blok E,A
SDN Gunung 05 Pg.,Jl. Hang Lekir V No. 53,A
SDN Gunung Sahari Selatan 01 Pg.,Jl. Gunung Sahari IV No. 14,A
SDN Gunung Sahari Utara 01 Pagi.,"Jl. Rajawali Selatan V No. 3, Gunung Sahari Utara",A
SDN Harapan Mulia 01 Pg.,Jl. Cempaka Wangi I,A
SDN Jagakarsa 01 Pg.,Jl. Jagakarsa I No. 5,A
SDN Jagakarsa 02 Pg.,Jl. Sirsak RT008/RW07,A
SDN Jagakarsa 03 Pg.,Jl. Jagakarsa I,A
SDN Jagakarsa 05 Pg.,Jl. Sirsak,A
SDN Jagakarsa 06 Pg.,Jl. Kedondong,A
SDN Jagakarsa 08 Pg.,Jl. Sirsak Gg. Anggrek No. 14,A
SDN Jagakarsa 09 Pg.,Jl. R. M. Moh. Khahfi I,A
SDN Jagakarsa 10 Pg.,Jl. R.M Kahfi I Gg. SD,A
SDN Jagakarsa 11 Pg.,Jl. Kelapa Tiga,A
SDN Jati 01 Pg.,Jl. Kakap Raya No. 36,A
SDN Jati 03 Pg.,Jl. Taman Pulo Asem Utara,A
SDN Jati 05 Pg.,Jl. Perhubungan Raya XII,A
SDN Jati 11 Pg.,Jl. Perhubungan Raya,A
SDN Jati Padang 01 Pg.,Jl. Bacang,A
SDN Jati Padang 04 Pt.,Jl. Bacang,A
SDN Jati Padang 05 Pg.,Jl. Raya Ragunan No. 40,A
SDN Jati Padang 06 Pg.,Jl. Raya Ragunan No. 40,A
SDN Jati Pulo 03 Pg.,Jl. Semangka II No. 34,A
SDN Jati Pulo 08 Pg.,Jl. Seroja No. 16,A
SDN Jatinegara 01 Pg.,Jl. Swadaya IV Kp. Pulo Jahe,A
SDN Jatinegara 02 Pg.,Jl. Swadaya IV,A
SDN Jatinegara 03 Pg.,Jl. Raya Bekasi Km. 17,A
SDN Jatinegara 06 Pg.,"DR. KRT. Radjiman Widyodiningrat, Pulo Jahe",A
SDN Jatinegara 07 Pg.,Jl. Swadaya IV,A
SDN Jatinegara 08 Pg.,Jl. Buaran I,A
SDN Jatinegara 09 Pg.,Kp. Buaran I RT006/RW08,A
SDN Jatinegara 10 Pg.,Jl. Raya Bekasi Km. 17,A
SDN Jatinegara 11 Pt.,Jl. Swadaya IV Kp. Pulo Jahe,A
SDN Jatinegara 12 Pt.,Jl. Radjiman Widyodiningrat Pulo Jahe,A
SDN Jatinegara 14 Pt.,Kp. Buaran I,A
SDN Jatinegara 15 Pg.,Jl. Dr. KRT. Radjiman Widyodiningrat Kp. Rawa Badung,A
SDN Jatinegara Kaum 01 Pg.,Jl. Raya Bekasi Km. 18,A
SDN Jatinegara Kaum 06 Pg.,Jl. Tanah Koja II,A
SDN Jelambar 03 Pg.,Jl. Empang Bahagia X,A
SDN Jelambar 08 Pg.,Jl. Hadiah No. 11-13,A
SDN Jelambar Baru 01 Pg.,Jl. Jelambar Barat II-E,A
SDN Jelambar Baru 03 Pg.,Jl. Jelambar Selatan XVI,A
SDN Jelambar Baru 05 Pg.,Jl. Jelambar Selatan XVI,A
SDN Jelambar Baru 06 Pt.,Jl. Jelambar Selatan XVI,A
SDN Jelambar Baru 07 Pg.,Jl. Sukajaya I,A
SDN Jelambar Baru 08 Pt.,Jl. Sukajaya I RT008/RW01,A
SDN Jelambar Baru 09 Pg.,Jl. Sukajaya I,A
SDN Jembatan Besi 01 Pg.,Jl. Jembatan Besi IX No. 31,A
SDN Jembatan Lima 01 Pg.,Jl. K.H. Moh. Mansyur II Sawah Lio Gg. 2 No. 8A,A
SDN Jembatan Lima 03 Pg.,Jl. K.H. Moh. Mansyur II,A
SDN Jembatan Lima 04 Pt.,Jl. K.H. Moh. Mansyur II,A
SDN Joglo 05 Pg.,Jl. Komp. DKI Joglo,A
SDN Joglo 06 Pg.,Jl. Lapangan Merah,A
SDN Joglo 08 Pg.,Komp. Pemadam,A
SDN Joglo 09 Pg.,Jl. AMD Joglo RT011/RW06,A
SDN Joglo 10 Pg.,Jl. Raya Joglo,A
SDN Joglo 11 Pg.,Jl. AMD Joglo,A
SDN Johar Baru 01 Pg.,Jl. Percetakan Negara IV No. 8,A
SDN Johar Baru 07 Pg.,Jl. Percetakan Negara II,A
SDN Johar Baru 09 Pg.,Jl. Mardani Raya,A
SDN Johar Baru 17 Pg.,Jl. Kramat Jaya Gg. VIII,A
SDN Johar Baru 19 Pg.,Jl. Kramat Jaya Gg. VIII,A
SDN Johar Baru 31 Pg.,Jl. Mardani Raya No.12A,A
SDN Kali Anyar 01 Pg.,Jl. Kali Anyar IV Gg. I No. 1,A
SDN Kali Baru 01 Pg.,Jl. Kalibaru Timur IV,A
SDN Kali Baru 05 Pg.,Jl. Kalibaru Barat IV No. 60,A
SDN Kali Baru 06 Pt.,Jl. Kalibaru Barat IV No. 60,A
SDN Kali Baru 07 Pg.,Jl. Kalibaru Barat IV No. 60,A
SDN Kali Baru 08 Pt.,Jl. Tanah Merdeka No. 60,A
SDN Kali Baru 09 Pg.,Jl. Kalibaru Timur VII No. 5,A
SDN Kalibata 01 Pg.,"Komp. Pomad, Jl. Dharma",A
SDN Kalibata 02 Pt.,"Komp. Pomad, Jl. Dharma",A
SDN Kalibata 03 Pg.,"Komp. Garuda, Jl. Raya Pasar Minggu",A
SDN Kalibata 04 Pg.,Jl. Kalibata Timur IV Blok E,A
SDN Kalibata 09 Pg.,"Komp. Pomad, Jl. Dharma",A
SDN Kalibata 11 Pg.,Jl. Kalibata Tengah,A
SDN Kalideres 01 Pg.,Jl. Peta Selatan RT07/RW01 No. 29,A
SDN Kalideres 02 Pt.,Jl. Peta Selatan RT07/RW01,A
SDN Kalideres 03 Pg.,Jl. Peta Selatan RT07/RW01 No. 29,A
SDN Kalideres 04 Pt.,Jl. Peta Selatan RT07/RW01 No. 29,A
SDN Kalideres 06 Pg.,Jl. Peta Barat Rawalele,A
SDN Kalideres 07 Pg.,Jl. Peta Selatan No. 7B,A
SDN Kalideres 10 Pg.,"Jl. Daan Mogot Km. 15,6",A
SDN Kalideres 12 Pg.,Jl. Peta Timur,A
SDN Kalideres 14 Pt.,Jl. Peta Barat,A
SDN Kalisari 01 Pg.,Jl. Raya Kalisari No. 3,A
SDN Kalisari 02 Pg.,Jl. Raya Cijantung IV,A
SDN Kalisari 03 Pg.,As. Yon. Kav. I Tank Cijantung IV,A
SDN Kalisari 04 Pg.,Jl. Raya Kalisari,A
SDN Kalisari 05 Pg.,Jl. Raya Kalisari,A
SDN Kalisari 06 Pt.,Asrama Yon Kav I Cijantung IV,A
SDN Kalisari 07 Pg.,Jl. Raya Kalisari,A
SDN Kalisari 08 Pt.,Jl. Raya Kalisari,A
SDN Kalisari 10 Pt.,Jl. Raya Kalisari RT006/RW02,A
SDN Kamal 01 Pg.,Jl. Kebon Dua Ratus RT03/RW06,A
SDN Kamal 02 Pg.,Jl. Kebon Dua Ratus RT05/RW06,A
SDN Kamal 03 Pg.,Jl. Kampung Belakang,A
SDN Kamal 04 Pg.,Jl. Kampung Belakang,A
SDN Kamal 05 Pg.,Jl. Bakti Pramuka No. 54,A
SDN Kamal 06 Pg.,Jl. Bakti Pramuka Rawabebek,A
SDN Kamal 07 Pg.,Jl. Prepedan,A
SDN Kamal 09 Pg.,Jl. Kp. Belakang,A
SDN Kamal Muara 01 Pg.,Jl. Raya Kamal Pantai No. 5,A
SDN Kamal Muara 02 Pg.,Jl. Kamal Pantai No. 5,A
SDN Kampung Melayu 01 Pg.,Jl. Kb. Pala I No. 34,A
SDN Kampung Melayu 02 Pt.,Jl. Kb. Pala I No. 34,A
SDN Kampung Rawa 01 Pg.,Jl. Rawa Selatan III,A
SDN Kampung Tengah 01 Pg.,Jl. Inpres No. 64,A
SDN Kampung Tengah 02 Pg.,Jl. Inpres No. 64,A
SDN Kampung Tengah 06 Pg.,Jl. Haji Ali,A
SDN Kampung Tengah 07 Pg.,Jl. Trikora IV,A
SDN Kampung Tengah 08 Pg.,Jl. Pasar Induk,A
SDN Kampung Tengah 09 Pg.,Jl. Haji Ali,A
SDN Kampung Tengah 10 Pg.,Jl. Trikora IV,A
SDN Kapuk 02 Pg.,"Komp. Cengkareng Indah, Jl. Tenis Raya",A
SDN Kapuk 03 Pg.,Jl. Kapuk Raya No. 48A,A
SDN Kapuk 05 Pg.,Jl. Kapuk Raya Gg. Mawar,A
SDN Kapuk 06 Pg.,Jl. Tenis Raya,A
SDN Kapuk 09 Pg.,Jl. Ukir II Pedongkelan RT005/RW06,A
SDN Kapuk 10 Pt.,"Jl. Ukir II Pedongkelan, Kapuk",A
SDN Kapuk 12 Pt.,Jl. Kapuk Raya No. 48A,A
SDN Kapuk 13 Pt.,Jl. Raya Ukir,A
SDN Kapuk 15 Pg.,Jl. Kapuk AMD,A
SDN Kapuk 16 Pg.,Jl. Kapuk AMD,A
SDN Kapuk Muara 01 Pg.,Jl. Raya Kpk Muara No. 9,A
SDN Kapuk Muara 02 Pt.,Jl. Raya Kapuk Muara RT10/RW04,A
SDN Kapuk Muara 05 Pg.,Jl. SMPN 122,A
SDN Kapuk Muara 06 Pt.,Jl. SMP 122,A
SDN Karang Anyar 08 Pg.,"Pasar, Jl. B III, Karang Anyar",A
SDN Karet Tengsin 09 Pg.,Jl. Karet Pasar Baru Barat VII,A
SDN Karet Tengsin 13 Pg.,Jl. Karet Pasar Baru Barat I,A
SDN Karet Tengsin 14 Pt.,Jl. Karet Pasar Baru Barat I No. 16,A
SDN Karet Tengsin 15 Pg.,Jl. Karet Pasar Baru Barat IV,A
SDN Karet Tengsin 16 Pg.,Jl. Karet Pasar Baru Barat IV No. 7,A
SDN Karet Tengsin 21 Pg.,Jl. Masjid I,A
SDN Kayu Putih 01 Pg.,Jl. Kunci No. 28,A
SDN Kayu Putih 08 Pg.,Jl. Batu Sulaeman No. 2,A
SDN Kayu Putih 09 Pg.,Jl. Pulo Mas Barat V No. 4,A
SDN Keagungan 03 Pg.,Jl. Kerajinan No. 44,A
SDN Keagungan 05 Pg.,Jl. Kerajinan No. 44,A
SDN Keb. Lama Selatan 01 Pg.,Jl. Ciputat Raya,A
SDN Keb. Lama Selatan 02 Pt.,Jl. Ciputat Raya,A
SDN Keb. Lama Selatan 07 Pg.,"Komp. Kostrad No. 23, Jl. Dharma Putra Raya",A
SDN Keb. Lama Selatan 09 Pg.,Jl. Moh. Ismail No. 3,A
SDN Keb. Lama Selatan 10 Pt.,Jl. Moh. Ismail,A
SDN Keb. Lama Selatan 11 Pg.,Jl. Moh. Ismail No. 60,A
SDN Keb. Lama Selatan 12 Pg.,"Jl. Komp. Bina Marga, Tanah Kusir",A
SDN Keb. Lama Selatan 13 Pg.,"Jl. Komp. Bina Marga, Tanah Kusir",A
SDN Keb. Lama Selatan 14 Pg.,Jl. Bungur II Kampung Dukuh,A
SDN Keb. Lama Selatan 19 Pg.,"Komp. Kostrad, Jl. Dharma Putra Raya No. 51",A
SDN Keb. Lama Utara 03 Pg.,Jl. Ciputat Raya,A
SDN Keb. Lama Utara 07 Pg.,Jl. Bendi VIII No. 10,A
SDN Keb. Lama Utara 09 Pg.,Jl. Delman Asri IX No. 15,A
SDN Keb. Lama Utara 10 Pt.,Jl. Delman Asri IX,A
SDN Keb. Lama Utara 12 Pg.,Jl. Raya Delman Peninggaran,A
SDN Keb. Lama Utara 13 Pg.,Jl. Peninggalan Barat III,A
SDN Kebagusan 01 Pg.,Kebagusan Raya RT04/RW07,A
SDN Kebagusan 02 Pg.,Jl. Kebagusan RT003/RW06,A
SDN Kebagusan 03 Pg.,Jl. Baung No. 31,A
SDN Kebagusan 04 Pg.,Jl. Kebagusan IV Dalam,A
SDN Kebagusan 05 Pt.,Jl. Kebagusan Raya,A
SDN Kebon Baru 01 Pg.,Jl. Asem Baris Raya II No. 8,A
SDN Kebon Baru 03 Pg.,Jl. Kp. Dalam Barat VI No. 3,A
SDN Kebon Baru 05 Pg.,Jl. Gudang Peluru Blok F,A
SDN Kebon Baru 07 Pg.,Jl. Asem Baris II,A
SDN Kebon Baru 09 Pg.,Jl. Asem Baris II,A
SDN Kebon Bawang 01 Pg.,Jl. Kebon Bawang XIII,A
SDN Kebon Bawang 02 Pt.,Jl. Kebon Bawang XIII,A
SDN Kebon Bawang 03 Pg.,Jl. Kebon Bawang XIII,A
SDN Kebon Bawang 04 Pt.,Jl. Kebon Bawang XIII,A
SDN Kebon Bawang 05 Pg.,Jl. Swasembada Barat II,A
SDN Kebon Bawang 06 Pg.,Jl. Swasembada Barat II,A
SDN Kebon Bawang 08 Pt.,Jl. Kebon Bawang XIII No. 15,A
SDN Kebon Jeruk 01 Pg.,Jl. Raya Kebon Jeruk No. 41,A
SDN Kebon Jeruk 02 Pg.,"Komp. Kodam, Jl. Seruni",A
SDN Kebon Jeruk 06 Pg.,Jl. H. Marzuki No. 73,A
SDN Kebon Jeruk 07 Pg.,"Komp. Kebon Jeruk Baru, Jl. H. Marzuki",A
SDN Kebon Jeruk 08 Pg.,Jl. Raya Kebon Jeruk No. 41,A
SDN Kebon Jeruk 10 Pg.,Jl. C No. 45,A
SDN Kebon Jeruk 11 Pg.,Jl. Kebon Jeruk,A
SDN Kebon Jeruk 15 Pg.,Jl. Anggrek Cakra,A
SDN Kebon Jeruk 16 Pg.,Jl. Anggrek Cakra,A
SDN Kebon Jeruk 17 Pg.,Jl. Kemiri RT002/RW02,A
SDN Kebon Kacang 05 Pg.,Jl. Kebon Kacang XI No. 48,A
SDN Kebon Kosong 01 Pg.,Jl. Kemayoran Gempol Galindra,A
SDN Kebon Kosong 03 Pg.,Jl. Dakota IV,A
SDN Kebon Kosong 13 Pg.,Jl. Ketapang Baru II,A
SDN Kebon Kosong 19 Pg.,Jl. Ketapang Baru III,A
SDN Kebon Manggis 01 Pg.,Jl. Slamet Riyadi II No. 7B,A
SDN Kebon Manggis 03 Pg.,Jl. Slamet Riyadi II No. 7B,A
SDN Kebon Manggis 11 Pg.,Jl. Kesatrian VIII No. 28H,A
SDN Kebon Manggis 12 Pt.,Jl. Kesatrian VIII No. 28H,A
SDN Kebon Manggis 14 Pg.,Jl. Slamet Riyadi II No. 7B,A
SDN Kebon Melati 01 Pg.,Jl. Sabeni No. 12,A
SDN Kebon Melati 02 Pg.,Jl. Sabeni No. 12,A
SDN Kebon Melati 03 Pg.,Jl. Sabeni No. 12,A
SDN Kebon Pala 01 Pg.,Jl. Cakrawala No. 01,A
SDN Kebon Pala 02 Pg.,Jl. Cakrawala No. 01,A
SDN Kebon Pala 03 Pg.,Jl. Jengki Cipinang Asem No. 1,A
SDN Kebon Pala 04 Pg.,Jl. Jengki Cipinang Asem No. 4,A
SDN Kebon Pala 05 Pg.,Jl. Jengki Cipinang Asem No. 2,A
SDN Kebon Pala 06 Pt.,Jl. Jengki Cipinang Asem No. 3,A
SDN Kebon Pala 07 Pg.,Jl. Permata Gg. Sami,A
SDN Kebon Pala 09 Pg.,Jl. Permata Gg. Sami,A
SDN Kebon Pala 10 Pt.,Jl. Permata Gg. Sami,A
SDN Kebon Pala 13 Pg.,Jl. SD Inpres No. 28,A
SDN Kebon Pala 14 Pg.,Jl. SD Inpres,A
SDN Kebon Pala 15 Pg.,Jl. SD Inpres,A
SDN Kedaung Kali Angke 03 Pg.,Komp. Dep. Agama Kalimati,A
SDN Kedaung Kali Angke 04 Pt.,Jl. Tawang Mangu,A
SDN Kedaung Kali Angke 05 Pg,Jl. Tawang Mangu No. 41,A
SDN Kedaung Kali Angke 08 Pg.,Komp. Departemen Agama,A
SDN Kedaung Kali Angke 09 Pt.,Komp. Dep. Agama Kalimati,A
SDN Kedaung Kali Angke 10 Pg.,Jl. Tawang Mangu RT009/RW06,A
SDN Kedaung Kali Angke 11 Pg.,Jl. Tawang Mangu,A
SDN Kedaung Kali Angke 13 Pg.,Komp. Dep. Agama Kalimati,A
SDN Kedaung Kali Angke 14 Pg.,Jl. Zamrud,A
SDN Kedaung Kali Angke 15 Pg.,Jl. Zamrud,A
SDN Kedoya Selatan 01 Pg.,Jl. Raya Kedoya Pilar,A
SDN Kedoya Selatan 03 Pg.,Jl. Raya Kedoya Pilar,A
SDN Kedoya Selatan 04 Pg.,Jl. Pilar Baru RT005/RW03,A
SDN Kedoya Utara 02 Pt.,Jl. Raya Kedoya,A
SDN Kedoya Utara 04 Pg.,Jl. Raya Kedoya Utara RT11/RW7,A
SDN Kedoya Utara 05 Pg.,Jl. Raya Kedoya Utara RT11/RW7,A
SDN Kedoya Utara 09 Pg.,Jl. Kedoya Pesing,A
SDN Kedoya Utara 10 Pg.,Jl. Kedoya Pesing Koneng,A
SDN Kelapa Dua 01 Pg.,Jl. Raya Kelapa Dua,A
SDN Kelapa Dua 03 Pg.,Jl. Inpres RT004/RW05,A
SDN Kelapa Dua 04 Pg.,Jl. Inpres RT004/RW05,A
SDN Kelapa Dua 05 Pg.,Jl. Lada,A
SDN Kelapa Dua Wetan 01 Pg.,Jl. Raya Kelapa Dua Wetan,A
SDN Kelapa Dua Wetan 02 Pg.,Jl. Raya Kelapa Dua Wetan,A
SDN Kelapa Dua Wetan 03 Pg.,Jl. Masjid Nurul Hidayah,A
SDN Kelapa Dua Wetan 05 Pt.,Jl. Raya Kelapa Dua Wetan,A
SDN Kelapa Dua Wetan 06 Pt.,Jl. Masjid Nurul Hidayah,A
SDN Kelapa Gading Bar. 01 Pg.,Jl. P. Tomiang I-K TNI AL,A
SDN Kelapa Gading Tim. 01 Pg.,Jl. Puskesmas No. 32,A
SDN Kemanggisan 03 Pg.,"Jl. Anggrek Garuda Blok E, Slipi",A
SDN Kemanggisan 05 Pg.,"Jl. Anggrek Garuda Blok E, Slipi",A
SDN Kemanggisan 06 Pg.,"Jl. Anggrek Garuda Blok E, Slipi",A
SDN Kemanggisan 08 Pg.,Jl. Anggrek Garuda No. 17,A
SDN Kemanggisan 10 Pg.,Jl. Anggrek Rosliana VII,A
SDN Kemanggisan 12 Pg.,Jl. Anggrek Rosliana VII,A
SDN Kemanggisan 13 Pg.,Jl. Anggrek Rosliana VII,A
SDN Kemanggisan 14 Pg.,Jl. Kemanggisan Ilir II No. 9,A
SDN Kemayoran 01 Pg.,Jl. Kepu Dalam Gg. X,A
SDN Kemayoran 02 Pt.,Jl. Kepu Dalam Gg. X,A
SDN Kemayoran 03 Pg.,Jl. Kepu Dalam Gg. X,A
SDN Kemayoran 08 Pt.,Jl. Kepu Dalam Gg. X,A
SDN Kemayoran 16 Pt.,Jl. Kepu Dalam Gg. X,A
SDN Kemayoran 17 Pg.,Jl. Kepu Dalam Gg. X,A
SDN Kembangan Selatan 01 Pg.,Jl. Raya Kembangan RT005/RW01,A
SDN Kembangan Selatan 02 Pg.,Jl. Raya Kembangan,A
SDN Kembangan Selatan 03 Pg.,Jl. Raya Kembangan,A
SDN Kembangan Selatan 04 Pt.,Jl. Raya Kembangan,A
SDN Kembangan Utara 01 Pg.,Jl. Raya Kembangan Utara No. 83,A
SDN Kembangan Utara 02 Pt.,Jl. Raya Kembangan Utara No. 83,A
SDN Kembangan Utara 04 Pg.,Jl. Raya Kembangan,A
SDN Kembangan Utara 05 Pg.,Jl. Kembangan Baru,A
SDN Kembangan Utara 06 Pg.,Jl. Kp. Baru,A
SDN Kembangan Utara 08 Pt.,Jl. Kampung Baru,A
SDN Kembangan Utara 09 Pg.,Jl. Basmol Raya,A
SDN Kembangan Utara 10 Pg.,Jl. Kp. Basmol Kembangan,A
SDN Kenari 01 Pg.,Jl. Kramat IV No. 25,A
SDN Kenari 03 Pg.,Jl. Kramat IV No. 25,A
SDN Kenari 07 Pg.,Jl. Salemba Raya No. 18,A
SDN Kenari 08 Pg.,Jl. Salemba Raya No. 18,A
SDN Kenari 10 Pg.,Jl. Salemba Raya No. 18,A
SDN Klender 01 Pg.,Jl. Pertanian,A
SDN Klender 03 Pg.,Jl. Raden Inten II Buaran,A
SDN Klender 04 Pg.,Jl. Duren Sawit Barat III A,A
SDN Klender 06 Pg.,Jl. Pertanian Timur,A
SDN Klender 07 Pg.,Jl. Pertanian Timur,A
SDN Klender 08 Pt.,Jl. Duren Sawit Barat III A,A
SDN Klender 12 Pg.,Jl. Pertanian Utara RT004/RW01,A
SDN Klender 13 Pg.,Jl. Bulak Timur I No. 9,A
SDN Klender 15 Pg.,Jl. Dermaga Baru I,A
SDN Klender 16 Pg.,Jl. Dermaga Baru,A
SDN Klender 21 Pg.,Jl. Bulak Timur I No. 9,A
SDN Klender 22 Pg.,Jl. Buaran II No. 49,A
SDN Kota Bambu 01 Pg.,Komp. PJKA Pondok Bandung,A
SDN Kota Bambu 02 Pt.,Komp. PJKA Pondok Bandung,A
SDN Kota Bambu 04 Pt.,Jl. K.S. Tubun I No. 14,A
SDN Kota Bambu 05 Pg.,Jl. K.S. Tubun I No. 14,A
SDN Kota Bambu 06 Pt.,Jl. K.S. Tubun I No. 14,A
SDN Kramat 05 Pg.,Jl. Kembang Sepatu No. 61,A
SDN Kramat 06 Pg.,Jl. Kramat Sentiong No. 48,A
SDN Kramat 07 Pt.,Jl. Kramat Sentiong No. 48,A
SDN Kramat 08 Pg.,Jl. Kramat Sentiong No. 3,A
SDN Kramat 09 Pt.,Jl. Kramat Sentiong No. 3,A
SDN Kramat Jati 01 Pg.,Jl. Mesjid Al Amin,A
SDN Kramat Jati 05 Pg.,Jl. Mesjid Al Amin,A
SDN Kramat Jati 07 Pg.,Jl. RS Polri Sukanto,A
SDN Kramat Jati 11 Pg.,Jl. Nusa I,A
SDN Kramat Jati 12 Pg.,Jl. Nusa I,A
SDN Kramat Jati 13 Pg.,Jl. RS Polri Sukanto,A
SDN Kramat Jati 19 Pg.,Jl. BB Pasar Hek RT013/RW011,A
SDN Kramat Jati 24 Pg.,Jl. Kerja Bakti,A
SDN Kramat Jati 25 Pg.,Jl. Dato Tonggara,A
SDN Kramat Jati 27 Pg.,Jl. Kerja Bakti,A
SDN Kramat Pela 01 Pg.,Jl. Sungai Sambas II,A
SDN Kramat Pela 07 Pg.,Jl. Gandaria Tengah II Blok D No. 1,A
SDN Kramat Pela 09 Pg.,Jl. Gandaria Tengah V,A
SDN Kramat Pela 11 Pg.,Jl. Gandaria Tengah II,A
SDN Kramat Pela 13 Pg.,Jl. Gandaria Tengah V,A
SDN Kramat Pela 15 Pg.,Jl. Gandaria Tengah V,A
SDN Krukut 03 Pg.,Jl. K.H. Zainal Arifin No. 4,A
SDN Kuningan Barat 05 Pg.,Jl. PLN Kuningan Barat,A
SDN Kuningan Timur 01 Pg.,Jl. KH. Mugni Gg. SD,A
SDN Kwitang 01 Pg.,Jl. Kramat III Gg. Listrik I,A
SDN Lagoa 05 Pg.,Jl. Menteng No. 2-4,A
SDN Lagoa 11 Pg.,Jl. Lagoa Terusan Gg. IV D-1 No. 1,A
SDN Lebak Bulus 01 Pg.,Jl . Gunung Balong,A
SDN Lebak Bulus 02 Pg.,Jl. Pertanian Raya No. 59,A
SDN Lebak Bulus 03 Pg.,Jl. Pertanian III No. 58,A
SDN Lebak Bulus 04 Pg.,Jl. Puskesmas,A
SDN Lebak Bulus 05 Pg.,Jl. Puskesmas,A
SDN Lebak Bulus 06 Pg.,Jl. Gunung Balong,A
SDN Lebak Bulus 07 Pg.,Jl. Gunung Balong,A
SDN Lenteng Agung 01 Pg.,Jl. Lontar RT004/RW03 No. 37,A
SDN Lenteng Agung 03 Pg.,Jl. Lontar Lenteng Agung No. 38,A
SDN Lenteng Agung 04 Pt.,Jl. Lontar No. 38,A
SDN Lenteng Agung 05 Pg.,Jl. Agung Raya II,A
SDN Lenteng Agung 07 Pg.,Jl. Raya Depok Gang Subur,A
SDN Lenteng Agung 08 Pt.,Jl. Raya Depok Gang Subur RT009/RW08,A
SDN Lenteng Agung 10 Pg.,Jl. Joe,A
SDN Lenteng Agung 11 Pg.,Jl. Waspada II,A
SDN Lubang Buaya 01 Pg.,Jl. Yusufiah,A
SDN Lubang Buaya 02 Pt.,Jl. Yusufiah RT010/RW01,A
SDN Lubang Buaya 03 Pg.,Jl. Rawa Binong RT004/RW06,A
SDN Lubang Buaya 04 Pg.,Jl. Monumen Pancasila Sakti No. 12,A
SDN Lubang Buaya 05 Pg.,Jl. Yusufiah RT010/RW01,A
SDN Lubang Buaya 06 Pg.,Jl. Kramat IV,A
SDN Lubang Buaya 12 Pg.,Jl. Albaidho II,A
SDN Makasar 01 Pg.,Jl. Kerja Bakti,A
SDN Makasar 02 Pt.,Jl. Kerja Bakti,A
SDN Makasar 03 Pg.,Jl. Kerja Bakti,A
SDN Makasar 04 Pt.,Jl. Kerja Bakti,A
SDN Makasar 06 Pg.,Jl. Pusdiklat Depnaker No. 1,A
SDN Makasar 07 Pg.,Jl. Pusdiklat Depnaker,A
SDN Malaka Jaya 01 Pg.,Jl. Bunga Rampai Raya,A
SDN Malaka Jaya 03 Pt.,Jl. Bunga Rampai Raya,A
SDN Malaka Jaya 04 Pg.,Jl. Mawar Merah VI,A
SDN Malaka Jaya 05 Pg.,Jl. Mawar Merah VI,A
SDN Malaka Jaya 07 Pg.,Jl. Mawar Merah VI,A
SDN Malaka Jaya 08 Pg.,Jl. Mawar Merah VII No. 45,A
SDN Malaka Jaya 09 Pg.,Jl. Raya Bunga Rampai,A
SDN Malaka Jaya 10 Pg.,Jl. Nusa Indah III,A
SDN Malaka Jaya 12 Pg.,Jl. Nusa Indah IV No. 40-41,A
SDN Malaka Jaya 19 Pg.,Jl. Raya Bunga Rampai,A
SDN Malaka Sari 01 Pg.,Jl. Malaka III,A
SDN Malaka Sari 02 Pg.,Jl. Malaka II,A
SDN Malaka Sari 03 Pg.,Jl. Delima II No. 47,A
SDN Malaka Sari 04 Pg.,Jl. Malaka III,A
SDN Malaka Sari 05 Pg.,"Perumnas Klender, Jl. Delima II No. 39",A
SDN Malaka Sari 14 Pg.,Jl. Malaka III RT08/RW06,A
SDN Mampang Prapatan 01 Pg.,Jl. Tegal Parang Utara III,A
SDN Mampang Prapatan 02 Pg.,Jl. Mampang Prapatan IV No. 5,A
SDN Mampang Prapatan 05 Pg.,Jl. K. Tendean Gg. Kamboja No. 44,A
SDN Mangga Besar 01 Pg.,Jl. Sekolah Tangki No. 141,A
SDN Mangga Besar 03 Pg.,Jl. Sekolah Tangki No. 141,A
SDN Mangga Besar 11 Pg.,Jl. Gedong No. 16,A
SDN Mangga Besar 15 Pg.,Jl. Blustru No. 5,A
SDN Manggarai 01 Pg.,Jl. Manggarai Utara I No. 6,A
SDN Manggarai 05 Pg.,Jl. Swadaya I RT013/RW09,A
SDN Manggarai 07 Pg.,Jl. Swadaya I,A
SDN Manggarai 09 Pg.,Jl. Manggarai Selatan II,A
SDN Manggarai 11 Pg.,Jl. Manggarai Selatan II,A
SDN Manggarai 15 Pg.,Jl. Manggarai Selatan II,A
SDN Maphar 01 Pg.,Jl. Kebun Jeruk VII No. 5,A
SDN Maphar 02 Pg.,Jl. Kebun Jeruk VII No. 5,A
SDN Marunda 01 Pg.,Jl. Marunda Baru No. 16,A
SDN Menteng 01 Pg.,Jl. Besuki No. 4,A
SDN Menteng Atas 01 Pg.,Jl. Dr. Saharjo No. 121,A
SDN Menteng Atas 05 Pg.,Jl. Muria No. 43,A
SDN Menteng Atas 14 Pg.,Jl. Minangkabau Dalam,A
SDN Menteng Atas 21 Pg.,Jl. Menteng Pulo Ujung,A
SDN Menteng Dalam 01 Pg.,"Jl. Menteng Pulo II, Casablanca",A
SDN Menteng Dalam 02 Pg.,"Jl. Menteng Pulo II, Casablanca",A
SDN Menteng Dalam 05 Pg.,Jl. Prof. Soepomo SH,A
SDN Menteng Dalam 07 Pg.,Jl. Flamboyan I,A
SDN Merdeka Timur 01 Pg,Jl. Medan Merdeka Timur No. 14,A
SDN Meruya Selatan 01 Pg.,Jl. H. Juhri,A
SDN Meruya Selatan 02 Pt.,Jl. H. Djuhri RT003/RW02,A
SDN Meruya Selatan 06 Pg.,Jl. Lap. Jabeg Mega Kebon Jeruk No. 112,A
SDN Meruya Selatan 08 Pt.,Jl. H. Saaba RT002/RW02,A
SDN Meruya Utara 02 Pg.,Jl. Raya Meruya Selatan,A
SDN Meruya Utara 03 Pg.,Jl. Sanggrahan,A
SDN Meruya Utara 05 Pg.,Jl. Meruya Utara,A
SDN Meruya Utara 13 Pg.,Jl. Taman Aries Blok F No. 12,A
SDN Meruya Utara 15 Pt.,Jl. Aries Utama Blok F No. 12,A
SDN Munjul 01 Pg.,Jl. Dalang,A
SDN Munjul 02 Pg.,Jl. Dalang,A
SDN P Mangga Dua Selatan 05 Pg.,"Jl. Mangga Besar XIIIA, Mangga Dua Selatan",A
SDN Pademangan Barat 01 Pg.,Jl. Ampera III Gn. Sahari,A
SDN Pademangan Barat 03 Pg.,Jl. Hidup Baru I No. 101,A
SDN Pademangan Barat 04 Pt.,Jl. Hidup Baru I No. 101,A
SDN Pademangan Barat 05 Pg.,Jl. Satria 12 C,A
SDN Pademangan Barat 09 Pg.,Jl. Budi Mulia,A
SDN Pademangan Barat 11 Pg.,Jl. Budimulia,A
SDN Pademangan Barat 13 Pt.,Jl. Hidup Baru I No. 101,A
SDN Pademangan Timur 01 Pg.,Jl. Pademangan II Gg. 22,A
SDN Pademangan Timur 02 Pt.,Jl. Pademangan II Gg. 22 No. 34,A
SDN Pademangan Timur 03 Pg.,Jl. Pademangan VI Gg. 34,A
SDN Pademangan Timur 06 Pg.,Jl. Pademangan VI Gg. 36,A
SDN Pademangan Timur 09 Pg.,Jl. Pademangan Timur VI No. 78,A
SDN Pademangan Timur 10 Pt.,Jl. Pademangan VI RT04/RW10 No. 78,A
SDN Palmerah 01 Pg.,Jl. Palmerah Utara No. 80,A
SDN Palmerah 03 Pg.,Jl. Palmerah Utara No. 80,A
SDN Palmerah 05 Pg.,Jl. Palmerah Utara No. 80,A
SDN Palmerah 09 Pg.,Jl. Palmerah Barat No. 45,A
SDN Palmerah 13 Pg.,Jl. Palmerah Barat II,A
SDN Palmerah 15 Pg.,Komp. Sandang,A
SDN Palmerah 17 Pg.,Komp. Sandang,A
SDN Palmerah 19 Pg.,Jl. Rawa Belong II Blok E,A
SDN Palmerah 20 Pg.,Jl. Rawa belong II Blok E,A
SDN Palmerah 22 Pg.,Jl. Palmerah Barat VI,A
SDN Palmerah 23 Pg.,Jl. Rawa Belong II Blok E No. 153,A
SDN Palmerah 25 Pg.,Jl. Kemanggisan Pulo,A
SDN Palmeriam 01 Pg.,Jl. Kayumanis I Lama,A
SDN Palmeriam 03 Pg.,Jl. Kayumanis I Lama,A
SDN Pancoran 01 Pg.,Jl. Komp. Triloka MBAU Panc.,A
SDN Pancoran 03 Pg.,Jl. Pancoran Timur II Blok B No. 21,A
SDN Pancoran 07 Pg.,Jl. Pancoran Barat VIII No. A,A
SDN Pancoran 08 Pg.,Jl. Pancoran Barat VIII,A
SDN Pancoran 10 Pg.,Jl. Pancoran Barat VIII,A
SDN Papanggo 01 Pg.,Jl. Papanggo III No. 53,A
SDN Pasar Baru 07 Pg.,Jl. Krekot Bunder III No. 1,A
SDN Pasar Baru 09 Pg.,"Jl. Krekot Bunder III No. 1, Pasar Baru",A
SDN Pasar Baru 13 Pg.,"Jl. Pintu Besi I No. 42, Pasar Baru",A
SDN Pasar Manggis 01 Pg.,Jl. Menteng Granit VII,A
SDN Pasar Manggis 02 Pt,Jl. Menteng Granit VII No. 5,A
SDN Pasar Manggis 03 Pg.,Jl. Sawah Lunto No. 56,A
SDN Pasar Minggu 01 Pg.,Jl. Mujair I Rawa Bambu No. 5,A
SDN Pasar Minggu 02 Pg.,Jl. Palapa Raya No. 4,A
SDN Pasar Minggu 03 Pg.,Jl. Mujair I Rawa Bambu,A
SDN Pasar Minggu 05 Pg.,Jl. Rawa Bambu I,A
SDN Paseban 05 Pg.,Jl. Kramat Sawah VI,A
SDN Paseban 07 Pg.,Jl. Salemba Tengah No. 278C,A
SDN Pegadungan 01 Pg.,Jl. Peta Barat No. 47,A
SDN Pegadungan 05 Pg.,Jl. Peta Utara III No. 47,A
SDN Pegadungan 07 Pg.,Jl. Irigasi Rawa Lele,A
SDN Pegadungan 11 Pg.,Jl. Peta Utara No. 10,A
SDN Pegadungan 12 Pg.,Jl. Kumbang Raya Rawalele No. 54,A
SDN Pegadungan 13 Pg.,Jl. Utan Jati,A
SDN Pegadungan 14 Pg.,Jl. Utan Jati,A
SDN Pegangsaan 01 Pg.,Jl. Ampiun No. 1A,A
SDN Pegangsaan Dua 05 Pg.,"Jl. Harpa II, Pengangsaan Dua, Kelapa Gading",A
SDN Pegangsaan Dua 07 Pg.,Jl. Akordion Pengangsaan Dua,A
SDN Pejagalan 01 Pg.,Jl. D. Teluk Gong,A
SDN Pejagalan 03 Pg.,Jl. Raya Teluk Gong No. 160,A
SDN Pejagalan 04 Pt.,Jl. Raya Teluk Gong No. 160,A
SDN Pejagalan 05 Pg.,Jl. Teluk Gong RT015/RW08,A
SDN Pejagalan 08 Pt.,"Teluk Gong, Jl. D",A
SDN Pejaten Barat 01 Pg.,Jl. Raya Condet Pejaten No. 16,A
SDN Pejaten Barat 03 Pg.,Jl. Buncit Raya No. 15,A
SDN Pejaten Barat 05 Pg.,Jl. Raya Pejaten,A
SDN Pejaten Barat 06 Pg.,Jl. Rambutan No. 20,A
SDN Pejaten Barat 08 Pg.,Jl. Rambutan VII No. 12,A
SDN Pejaten Barat 09 Pg.,Jl. Amil RT002/RW04,A
SDN Pejaten Barat 10 Pg.,Jl. Amil,A
SDN Pejaten Barat 11 Pg.,Jl. H. Ayub Gg. F,A
SDN Pejaten Barat 12 Pg.,Jl. Masjid Al Fajri,A
SDN Pejaten Timur 01 Pg.,Jl. Poltangan IV,A
SDN Pejaten Timur 03 Pg.,Jl. Poltangan IV,A
SDN Pejaten Timur 04 Pt.,Jl. Poltangan IV,A
SDN Pejaten Timur 05 Pg.,"Jl. Gunuk I No. 50, Pasarminggu",A
SDN Pejaten Timur 06 Pt.,Jl. Gunuk I No. 50,A
SDN Pejaten Timur 07 Pg.,Jl. Kemuning IV No. 2,A
SDN Pejaten Timur 09 Pg.,Jl. Kemuning IV,A
SDN Pejaten Timur 15 Pg.,Jl. Siaga Dharma VIII No. 19,A
SDN Pejaten Timur 17 Pg.,Jl. Masjid Baru,A
SDN Pejaten Timur 18 Pg.,Jl. Mesjid Baru,A
SDN Pekayon 01 Pg.,Jl. Raya Bogor Km. 27,A
SDN Pekayon 02 Pt.,Jl. Raya Bogor Km. 27,A
SDN Pekayon 03 Pg.,Jl. Gandaria I,A
SDN Pekayon 04 Pt.,Jl. Gandaria I,A
SDN Pekayon 05 Pg.,Komp. Asrama Mekanis Yonif 201 Jaya Yudha,A
SDN Pekayon 06 Pt.,Komp. Asrama Yonif 201 Jaya Yudha,A
SDN Pekayon 09 Pg.,Jl. Pendidikan,A
SDN Pekayon 10 Pg.,Jl. Lapan,A
SDN Pekayon 11 Pg.,Jl. Gandaria I,A
SDN Pekayon 12 Pg.,"Komp. Asrama Yonif 201 Jy, Jl. Raya Bogor Km. 28,5",A
SDN Pekayon 13 Pt.,"Jl. Raya Bogor Km. 28,5",A
SDN Pekayon 15 Pg.,Jl. Telaga,A
SDN Pekayon 16 Pg.,Jl. Swadaya,A
SDN Pekayon 18 Pg.,Jl. Tipar No. 66,A
SDN Pekojan 03 Pg.,Jl. Mesjid Pekojan No. 161-163,A
SDN Pela Mampang 01 Pg.,Jl. Bangka II Gg. 5,A
SDN Pela Mampang 02 Pt.,Jl. Bangka II Gg. 5,A
SDN Pela Mampang 03 Pg.,Jl. Pondok Karya IX No. 9A,A
SDN Pela Mampang 05 Pg.,Jl. Pondok Jaya VI No. 1,A
SDN Pela Mampang 07 Pg.,Jl. Bangka IX C No. 1,A
SDN Pela Mampang 08 Pg.,"Jl. Bangka VIII RT07/RW12, Gg. Manggis",A
SDN Pela Mampang 09 Pg.,"Jl. Bangka VIII , Gg. Manggis",A
SDN Pela Mampang 11 Pg.,Jl. Pondok Jaya VI No. 1,A
SDN Pela Mampang 12 Pg.,Jl. Bangka VII Bawah,A
SDN Pela Mampang 13 Pg.,Jl. Bangka VII Bawah,A
SDN Pela Mampang 14 Pg.,Jl. Bangka X Dalam No. 47,A
SDN Pengadegan 01 Pg.,Jl. Pengadegan Timur I,A
SDN Pengadegan 03 Pg.,Jl. Pengadegan Timur I,A
SDN Penggilingan 01 Pg.,Jl. Raya Penggilingan,A
SDN Penggilingan 02 Pt.,Jl. Raya Penggilingan,A
SDN Penggilingan 03 Pg.,Jl. Raya Penggilingan Kav. 23-24,A
SDN Penggilingan 05 Pg.,"Komp. PIK, Jl. Raya Penggilingan",A
SDN Penggilingan 06 Pt.,"Komp. PIK, Jl. Raya Penggilingan",A
SDN Penggilingan 09 Pg.,"Komp. Aneka Elok, Jl. Mentibu",A
SDN Penjaringan 01 Pg.,Jl. Luar Batang V,A
SDN Penjaringan 02 Pt.,Jl. Luar Batang V RT015/RW03,A
SDN Penjaringan 04 Pg.,Jl. Raya Pluit Selatan No. 105,A
SDN Penjaringan 05 Pt.,Jl. Raya Pluit Selatan No. 105,A
SDN Penjaringan 06 Pg.,Jl. Bandengan Utara No. 80,A
SDN Penjaringan 07 Pg.,Jl. Bandengan Utara,A
SDN Penjaringan 11 Pt.,Jl. Bandengan Utara No. 80,A
SDN Penjaringan 12 Pt.,Jl. Raya Pluit Selatan No. 105,A
SDN Pesanggrahan 01 Pg.,"Komp. Deppen, Jl. Penerangan V",A
SDN Pesanggrahan 02 Pg.,Jl. Raya Kodam Jaya Bintaro,A
SDN Pesanggrahan 03 Pg.,Jl. Raya Kodam Bintaro,A
SDN Pesanggrahan 04 Pg.,Jl. Pondok Indah No. 35,A
SDN Pesanggrahan 05 Pg.,Jl. H. Gari No. 24,A
SDN Pesanggrahan 09 Pg.,Jl. H. Garie No. 24,A
SDN Pesanggrahan 10 Pg.,"Komp. Kodam, Jl. Cenek No. 15",A
SDN Petamburan 01 Pg.,Jl. Petamburan No. 4,A
SDN Petamburan 02 Pt.,Jl. Petamburan IV,A
SDN Petamburan 03 Pg.,Jl. Petamburan IV,A
SDN Petamburan 04 Pt.,Jl. Petamburan IV No. 52,A
SDN Petamburan 05 Pg.,Jl. Petamburan II,A
SDN Petojo Selatan 01 Pg.,Jl. Tanah Abang V No. 29,A
SDN Petojo Selatan 02 Pg.,Jl. Tanah Abang V No. 29,A
SDN Petojo Utara 01 Pg.,Jl. Petojo Selatan I No. 27,A
SDN Petukangan Selatan 01 Pg.,Jl. Sangrila Indah II,A
SDN Petukangan Selatan 02 Pg.,"Jl. Sakti VII, Sangrila Indah 2",A
SDN Petukangan Selatan 03 Pg.,Jl. Kemajuan No. 47,A
SDN Petukangan Selatan 04 Pt.,Jl. Inpres,A
SDN Petukangan Selatan 05 Pg.,Jl. Inpres RT0014/RW02,A
SDN Petukangan Utara 01 Pg.,Jl. Mesjid Darul Falah,A
SDN Petukangan Utara 05 Pg.,Jl. H. Muchtar Raya,A
SDN Petukangan Utara 07 Pg.,Jl. Palem Raya,A
SDN Petukangan Utara 08 Pg.,Jl. H. Gaim,A
SDN Petukangan Utara 09 Pg.,Jl. H. Jaelani I,A
SDN Petukangan Utara 10 Pg.,Jl. H. Jaelani I,A
SDN Pinang Ranti 01 Pg.,Jl. Taman Mini Pintu II,A
SDN Pinang Ranti 02 Pg.,Jl. Pinang Ranti I,A
SDN Pinang Ranti 05 Pg.,Jl. Pinang Ranti II,A
SDN Pinang Ranti 06 Pt.,Jl. Pinang Ranti I,A
SDN Pinang Ranti 07 Pg.,Jl. Pinang Ranti II,A
SDN Pinang Ranti 09 Pg.,Kp. Pulo,A
SDN Pinangsia 01 Pg.,Jl. Pinangsia I No. 20,A
SDN Pinangsia 06 Pg.,Jl. Jembatan Batu No. 74,A
SDN Pisangan Baru 05 Pg.,Jl. Pisangan Baru Tengah,A
SDN Pisangan Baru 07 Pg.,Jl. Pisangan Baru Tengah,A
SDN Pisangan Timur 01 Pg.,Jl. Pisangan Dalam Lama I No. 38,A
SDN Pisangan Timur 12 Pg.,Jl. Haji Mugeni II,A
SDN Pisangan Timur 18 Pg.,Jl. Gading Raya I,A
SDN Pisangan Timur 19 Pg.,Jl. Gading Raya I,A
SDN Pluit 01 Pg.,Jl. Pluit Selatan I No. 1,A
SDN Pluit 03 Pg.,Jl. Komp. Nelayan Muara Angke,A
SDN Pluit 05 Pg.,Jl. Komp. Nelayan Muara Angke,A
SDN Pondok Bambu 02 Pg.,Jl. Pahlawan Revolusi,A
SDN Pondok Bambu 03 Pg.,Jl. Pahlawan Revolusi,A
SDN Pondok Bambu 04 Pg.,Jl. Cipinang Muara II,A
SDN Pondok Bambu 08 Pg.,Jl. Ori Raya No. 1-3,A
SDN Pondok Bambu 10 Pg.,Jl. Buluh Perindu Raya No. 25,A
SDN Pondok Bambu 11 Pg.,Jl. Taruna Pahlawan Revolusi,A
SDN Pondok Bambu 13 Pg.,Jl. Balai Rakyat III,A
SDN Pondok Bambu 15 Pg.,Jl. Balai Rakyat III No. 15,A
SDN Pondok Bambu 17 Pg.,Jl. Cipinang Muara II,A
SDN Pondok Kelapa 01 Pg.,"Jl. Tipar Kav. DKI, Pondok Kelapa, Jakarta Timur",A
SDN Pondok Kelapa 02 Pt.,"Jl. Tipar Kav. DKI, Pondok Kelapa",A
SDN Pondok Kelapa 03 Pg.,Jl. Tipar Kav. DKI,A
SDN Pondok Kelapa 04 Pg.,Jl. Tipar Kav. DKI,A
SDN Pondok Kelapa 05 Pg.,Jl. Haji Naman No. 77,A
SDN Pondok Kelapa 06 Pg.,Jl. AD. Lampiri Raya,A
SDN Pondok Kelapa 07 Pg.,"Komp. Perum Karyawan DKI, Pondok Kelapa",A
SDN Pondok Kelapa 08 Pt.,Jl. Tipar Kav. DKI,A
SDN Pondok Kelapa 09 Pg.,Komp. Perum Karyawan DKI,A
SDN Pondok Kelapa 10 Pg.,Jl. Raya Pondok Kelapa Jaya Gas,A
SDN Pondok Kelapa 11 Pt.,Jl. Komp. DKI Blok M,A
SDN Pondok Kelapa 12 Pt.,Komp. Perum Karyawan DKI,A
SDN Pondok Kopi 03 Pg.,Jl. Rawa Jaya,A
SDN Pondok Kopi 04 Pg.,Jl. Robusta Raya,A
SDN Pondok Kopi 05 Pt.,Jl. Rawa Jaya RT006/RW04,A
SDN Pondok Kopi 07 Pg.,Jl. Bina Karya I,A
SDN Pondok Kopi 08 Pg.,JL. ROBUSTA RAYA BLOK P.5,A
SDN Pondok Labu 01 Pg.,Jl. R S Fatmawati No. 178,A
SDN Pondok Labu 02 Pg.,Jl. Swakarya Bawah,A
SDN Pondok Labu 03 Pg.,Jl. H. Saleh No. 37,A
SDN Pondok Labu 04 Pg.,Jl. H. Saleh No. 37,A
SDN Pondok Labu 05 Pg.,Jl. R S Fatmawati No. 189,A
SDN Pondok Labu 06 Pg.,Jl. Swakarya Bawah No. 8,A
SDN Pondok Labu 07 Pg.,"Komp. TNI AL, Jl. Ambalun No. 1",A
SDN Pondok Labu 08 Pt.,Jl. Ambalun No. 1,A
SDN Pondok Labu 10 Pg.,Jl. H. Saleh No. 37,A
SDN Pondok Labu 11 Pg.,"Komp. Timah, Jl. Margasatwa No. 11",A
SDN Pondok Labu 13 Pg.,"Jl. Bango II, Pondok Labu",A
SDN Pondok Labu 14 Pg.,Jl. Bango IV,A
SDN Pondok Labu 15 Pg.,Jl. Andara I,A
SDN Pondok Labu 16 Pg.,Jl. Pondok Labu I/ A,A
SDN Pondok Pinang 01 Pg.,Jl. Pondok Pinang Raya No. 19,A
SDN Pondok Pinang 02 Pt.,Jl. Pondok Pinang Raya,A
SDN Pondok Pinang 03 Pg.,Jl. Pondok Pinang Raya,A
SDN Pondok Pinang 04 Pt.,Jl. Pondok Pinang Raya No. 3,A
SDN Pondok Pinang 05 Pg.,Jl. Ciputat Raya Gg. SD III,A
SDN Pondok Pinang 08 Pg.,Jl. Subur,A
SDN Pondok Pinang 09 Pg.,Jl. Subur,A
SDN Pondok Pinang 10 Pg.,"Komp. PU, Jl. Raya Pasar Jum'at",A
SDN Pondok Ranggon 02 Pg.,Jl. Raya Pondok Ranggon,A
SDN Pondok Ranggon 03 Pg.,Jl. Raya TPU RT001/RW02,A
SDN Pondok Ranggon 05 Pg.,Jl. Masjid Al Akbar,A
SDN Pondok Ranggon 06 Pt.,Jl. Raya TPU RT001/RW02,A
SDN Pondok Ranggon 07 Pt.,Jl. Raya Pondok Ranggon,A
SDN Pulau Kelapa 01 Pg.,Jl. Dermaga Utama Pulau Kelapa,A
SDN Pulau Kelapa 02 Pg.,Pulau Kelapa,A
SDN Pulau Panggang 02 Pg.,Pulau Panggang RT003/RW05,A
SDN Pulau Tidung 01 Pg.,Jl. Kampung Baru,A
SDN Pulau Tidung 03 Pg.,Jl. Pendidikan,A
SDN Pulo 01 Pg.,Jl. Jembatan Selatan Blok A,A
SDN Pulo 03 Pg.,Jl. Jembatan Selatan,A
SDN Pulo 05 Pg.,Jl. Jembatan Selatan,A
SDN Pulo 07 Pg.,Jl. Brawijaya 12,A
SDN Pulo 09 Pg.,Jl. Jembatan Selatan,A
SDN Pulogadung 01 Pg.,Jl. Kemuning II,A
SDN Pulogadung 05 Pg.,Jl. Kayu Putih IV No. 3,A
SDN Pulogadung 06 Pt.,Jl. Kayu Putih IV No. 3,A
SDN Pulogadung 08 Pt.,Jl. Kayu Putih I No. 41,A
SDN Pulogadung 09 Pg.,Jl. Kayu Putih I No. 41,A
SDN Pulogadung 10 Pt.,Jl. Kayu Putih I No. 41,A
SDN Pulogebang 01 Pg.,Jl. Raya Pulo Gebang Km. 2,A
SDN Pulogebang 02 Pg.,Jl. Raya Pulo Gebang Km. 2,A
SDN Pulogebang 06 Pg.,Jl. P. Komaruddin Ujung Krawang,A
SDN Pulogebang 08 Pg.,P. Komarudin RT009/RW05,A
SDN Pulogebang 09 Pg.,Jl. P. Komarudin,A
SDN Pulogebang 10 Pt.,Jl. Raya Pulo Gebang Km. 2,A
SDN Pulogebang 11 Pg.,Jl. H. Hasan,A
SDN Pulogebang 12 Pt.,Jl. Rawa Bebek,A
SDN Pulogebang 13 Pg.,Jl. Rawa Kuning,A
SDN Pulogebang 16 Pt.,Jl. Raya Pulo Gebang Km. 2,A
SDN Pulogebang 20 Pg.,Jl. Palad Rawa Kuning,A
SDN Pulogebang 21 Pg.,Jl. H. Hasan,A
SDN Pulogebang 22 Pt.,Jl. Rawa Bebek,A